concept,random_control,layer,target_class,target_class_idx,sign_count,magnitude,n_examples,cav_accuracy,n_concept,n_random
high_note_density,random_control_00,classifier.1,classical,0,0.3945409429403649,-0.0017368321682921957,1209,0.9166666865348816,30,30
high_note_density,random_control_00,classifier.1,country,1,0.18587521663778164,-0.017836407353162147,2308,0.9166666865348816,30,30
high_note_density,random_control_00,classifier.1,jazz,2,0.14285714285714285,-0.024279478114920778,1540,0.9166666865348816,30,30
high_note_density,random_control_00,classifier.1,pop,3,0.7810985460420032,0.011107800390739867,2476,0.9166666865348816,30,30
high_note_density,random_control_00,classifier.1,rock,4,0.33282090700607314,-0.009619657634231308,2602,0.9166666865348816,30,30
high_note_density,random_control_00,classifier.1,traditional,5,0.6114285734721593,0.01122325563537223,350,0.9166666865348816,30,30
high_note_density,random_control_01,classifier.1,classical,0,0.21918941274396242,-0.01370881598811008,1209,0.9166666865348816,30,30
high_note_density,random_control_01,classifier.1,country,1,0.2850953206239168,-0.01035373467157887,2308,0.9166666865348816,30,30
high_note_density,random_control_01,classifier.1,jazz,2,0.4720779220779221,-0.0037018911374805423,1540,0.9166666865348816,30,30
high_note_density,random_control_01,classifier.1,pop,3,0.7504038773176166,0.010250268569471907,2476,0.9166666865348816,30,30
high_note_density,random_control_01,classifier.1,rock,4,0.3070714835200651,-0.008800549507799696,2602,0.9166666865348816,30,30
high_note_density,random_control_01,classifier.1,traditional,5,0.7742857159887041,0.019570256311978614,350,0.9166666865348816,30,30
high_note_density,random_control_02,classifier.1,classical,0,0.25392886684441784,-0.01107306258076597,1209,0.9166666865348816,30,30
high_note_density,random_control_02,classifier.1,country,1,0.17417677642980936,-0.017977814255459832,2308,0.9166666865348816,30,30
high_note_density,random_control_02,classifier.1,jazz,2,0.17272727272727273,-0.02122457560587239,1540,0.9166666865348816,30,30
high_note_density,random_control_02,classifier.1,pop,3,0.8000807754442649,0.01311134986326652,2476,0.9166666865348816,30,30
high_note_density,random_control_02,classifier.1,rock,4,0.42390468872390646,-0.004495220337754587,2602,0.9166666865348816,30,30
high_note_density,random_control_02,classifier.1,traditional,5,0.6657142867360796,0.00876854628856693,350,0.9166666865348816,30,30
high_note_density,random_control_03,classifier.1,classical,0,0.6071133168153865,0.005184930172745782,1209,0.8333333134651184,30,30
high_note_density,random_control_03,classifier.1,country,1,0.4289428076256499,-0.004378478427335258,2308,0.8333333134651184,30,30
high_note_density,random_control_03,classifier.1,jazz,2,0.18506493506493507,-0.02072360271757299,1540,0.8333333134651184,30,30
high_note_density,random_control_03,classifier.1,pop,3,0.7964458805486343,0.010370174616948372,2476,0.8333333134651184,30,30
high_note_density,random_control_03,classifier.1,rock,4,0.3954650269023828,-0.0066725352932401946,2602,0.8333333134651184,30,30
high_note_density,random_control_03,classifier.1,traditional,5,0.5028571428571429,0.00034667937750262873,350,0.8333333134651184,30,30
high_note_density,random_control_04,classifier.1,classical,0,0.21091811415008319,-0.020459537308838763,1209,1.0,30,30
high_note_density,random_control_04,classifier.1,country,1,0.32495667244367415,-0.008005673291752408,2308,1.0,30,30
high_note_density,random_control_04,classifier.1,jazz,2,0.17532467532467533,-0.023284869002444402,1540,1.0,30,30
high_note_density,random_control_04,classifier.1,pop,3,0.9006462035541195,0.022654080441483388,2476,1.0,30,30
high_note_density,random_control_04,classifier.1,rock,4,0.20791698693885519,-0.017820722116393642,2602,1.0,30,30
high_note_density,random_control_04,classifier.1,traditional,5,0.6371428571428571,0.011130411039505687,350,1.0,30,30
high_note_density,random_control_05,classifier.1,classical,0,0.25475599669764315,-0.01482490362326797,1209,0.75,30,30
high_note_density,random_control_05,classifier.1,country,1,0.25736568457538994,-0.010156440128535161,2308,0.75,30,30
high_note_density,random_control_05,classifier.1,jazz,2,0.12012987012987013,-0.03206558348490046,1540,0.75,30,30
high_note_density,random_control_05,classifier.1,pop,3,0.8420840065583274,0.016148282843905234,2476,0.75,30,30
high_note_density,random_control_05,classifier.1,rock,4,0.4000768639622607,-0.0055082999468694435,2602,0.75,30,30
high_note_density,random_control_05,classifier.1,traditional,5,0.7171428588458469,0.023723113824214253,350,0.75,30,30
high_note_density,random_control_06,classifier.1,classical,0,0.2737799834635654,-0.010744925713161973,1209,0.8333333134651184,30,30
high_note_density,random_control_06,classifier.1,country,1,0.2608318890814558,-0.012619576093287205,2308,0.8333333134651184,30,30
high_note_density,random_control_06,classifier.1,jazz,2,0.13766233766233765,-0.025249712807791574,1540,0.8333333134651184,30,30
high_note_density,random_control_06,classifier.1,pop,3,0.928513731825525,0.022304455697030937,2476,0.8333333134651184,30,30
high_note_density,random_control_06,classifier.1,rock,4,0.34396617990745937,-0.0074425826823986,2602,0.8333333134651184,30,30
high_note_density,random_control_06,classifier.1,traditional,5,0.5085714295932224,0.0022044857644609043,350,0.8333333134651184,30,30
high_note_density,random_control_07,classifier.1,classical,0,0.1869313482278334,-0.020467431895354743,1209,0.9166666865348816,30,30
high_note_density,random_control_07,classifier.1,country,1,0.317157712305026,-0.009120659817145747,2308,0.9166666865348816,30,30
high_note_density,random_control_07,classifier.1,jazz,2,0.2590909090909091,-0.013828830145202673,1540,0.9166666865348816,30,30
high_note_density,random_control_07,classifier.1,pop,3,0.8982229402261712,0.02200334051530658,2476,0.9166666865348816,30,30
high_note_density,random_control_07,classifier.1,rock,4,0.327440430483939,-0.00824787175364443,2602,0.9166666865348816,30,30
high_note_density,random_control_07,classifier.1,traditional,5,0.6800000017029898,0.009591490541185651,350,0.9166666865348816,30,30
high_note_density,random_control_08,classifier.1,classical,0,0.33829611256361203,-0.006988346385650146,1209,0.9166666865348816,30,30
high_note_density,random_control_08,classifier.1,country,1,0.2673310225303293,-0.011156828310364854,2308,0.9166666865348816,30,30
high_note_density,random_control_08,classifier.1,jazz,2,0.07077922077922078,-0.036290277830966104,1540,0.9166666865348816,30,30
high_note_density,random_control_08,classifier.1,pop,3,0.9046849758636586,0.020632829592354077,2476,0.9166666865348816,30,30
high_note_density,random_control_08,classifier.1,rock,4,0.5265180629826252,-0.002436574194673377,2602,0.9166666865348816,30,30
high_note_density,random_control_08,classifier.1,traditional,5,0.39428571479661123,-0.009782513757901533,350,0.9166666865348816,30,30
high_note_density,random_control_09,classifier.1,classical,0,0.327543424391569,-0.00623331346677738,1209,0.9166666865348816,30,30
high_note_density,random_control_09,classifier.1,country,1,0.20623916811091855,-0.016754695639640507,2308,0.9166666865348816,30,30
high_note_density,random_control_09,classifier.1,jazz,2,0.17792207792207793,-0.020746265085680143,1540,0.9166666865348816,30,30
high_note_density,random_control_09,classifier.1,pop,3,0.7911954765751211,0.014167686776891472,2476,0.9166666865348816,30,30
high_note_density,random_control_09,classifier.1,rock,4,0.20253651038808698,-0.01908538657470358,2602,0.9166666865348816,30,30
high_note_density,random_control_09,classifier.1,traditional,5,0.46,-0.00552569336257875,350,0.9166666865348816,30,30
high_pitch_register,random_control_00,classifier.1,classical,0,0.9148056244830438,0.03555139052821054,1209,0.8333333134651184,30,30
high_pitch_register,random_control_00,classifier.1,country,1,0.4276429809358752,-0.003960355689371428,2308,0.8333333134651184,30,30
high_pitch_register,random_control_00,classifier.1,jazz,2,0.1279220779220779,-0.027992726707613314,1540,0.8333333134651184,30,30
high_pitch_register,random_control_00,classifier.1,pop,3,0.21284329573441785,-0.016694496340616358,2476,0.8333333134651184,30,30
high_pitch_register,random_control_00,classifier.1,rock,4,0.4385088394459718,-0.003316768624932204,2602,0.8333333134651184,30,30
high_pitch_register,random_control_00,classifier.1,traditional,5,0.7771428578240531,0.02381243074578898,350,0.8333333134651184,30,30
high_pitch_register,random_control_01,classifier.1,classical,0,0.9793217535153019,0.05612518595234237,1209,0.9166666865348816,30,30
high_pitch_register,random_control_01,classifier.1,country,1,0.45667244367417675,-0.005532725415946319,2308,0.9166666865348816,30,30
high_pitch_register,random_control_01,classifier.1,jazz,2,0.35974025974025975,-0.009562420289866723,1540,0.9166666865348816,30,30
high_pitch_register,random_control_01,classifier.1,pop,3,0.19830371576672803,-0.017863182699298773,2476,0.9166666865348816,30,30
high_pitch_register,random_control_01,classifier.1,rock,4,0.23789392775361304,-0.014511334365498644,2602,0.9166666865348816,30,30
high_pitch_register,random_control_01,classifier.1,traditional,5,0.9400000013623919,0.04127981471163886,350,0.9166666865348816,30,30
high_pitch_register,random_control_02,classifier.1,classical,0,0.8767576509511993,0.027656864605973434,1209,0.75,30,30
high_pitch_register,random_control_02,classifier.1,country,1,0.4380415944540728,-0.0061530327000509965,2308,0.75,30,30
high_pitch_register,random_control_02,classifier.1,jazz,2,0.3246753246753247,-0.011416666427409494,1540,0.75,30,30
high_pitch_register,random_control_02,classifier.1,pop,3,0.5476575122126085,0.0013313828817055665,2476,0.75,30,30
high_pitch_register,random_control_02,classifier.1,rock,4,0.1256725595810155,-0.020487646960999122,2602,0.75,30,30
high_pitch_register,random_control_02,classifier.1,traditional,5,0.6942857149669103,0.012303243215594973,350,0.75,30,30
high_pitch_register,random_control_03,classifier.1,classical,0,0.9917287014061208,0.05299118034560095,1209,1.0,30,30
high_pitch_register,random_control_03,classifier.1,country,1,0.4935008665511265,0.000625280844954777,2308,1.0,30,30
high_pitch_register,random_control_03,classifier.1,jazz,2,0.09805194805194806,-0.031536253154664844,1540,1.0,30,30
high_pitch_register,random_control_03,classifier.1,pop,3,0.23424878836833601,-0.014879006769068791,2476,1.0,30,30
high_pitch_register,random_control_03,classifier.1,rock,4,0.2955418908531899,-0.011826022648732884,2602,1.0,30,30
high_pitch_register,random_control_03,classifier.1,traditional,5,0.837142858845847,0.036640052646398545,350,1.0,30,30
high_pitch_register,random_control_04,classifier.1,classical,0,0.9338296112489661,0.03007505019715347,1209,0.8333333134651184,30,30
high_pitch_register,random_control_04,classifier.1,country,1,0.8093587521663779,0.01658850728067694,2308,0.8333333134651184,30,30
high_pitch_register,random_control_04,classifier.1,jazz,2,0.3220779220779221,-0.009801641498486717,1540,0.8333333134651184,30,30
high_pitch_register,random_control_04,classifier.1,pop,3,0.14862681747156892,-0.016418994129041093,2476,0.8333333134651184,30,30
high_pitch_register,random_control_04,classifier.1,rock,4,0.2275172943889316,-0.013109309278102126,2602,0.8333333134651184,30,30
high_pitch_register,random_control_04,classifier.1,traditional,5,0.8314285721097674,0.02926237032881805,350,0.8333333134651184,30,30
high_pitch_register,random_control_05,classifier.1,classical,0,0.9214226633581473,0.026972212861819736,1209,0.8333333134651184,30,30
high_pitch_register,random_control_05,classifier.1,country,1,0.5589254766031195,0.006318999336954962,2308,0.8333333134651184,30,30
high_pitch_register,random_control_05,classifier.1,jazz,2,0.15,-0.03061520637242825,1540,0.8333333134651184,30,30
high_pitch_register,random_control_05,classifier.1,pop,3,0.22172859455541571,-0.014947708162008175,2476,0.8333333134651184,30,30
high_pitch_register,random_control_05,classifier.1,rock,4,0.5019215987701768,0.0009295629291973442,2602,0.8333333134651184,30,30
high_pitch_register,random_control_05,classifier.1,traditional,5,0.877142858845847,0.04593675924198968,350,0.8333333134651184,30,30
high_pitch_register,random_control_06,classifier.1,classical,0,0.8933002481389578,0.029331518468085748,1209,0.8333333134651184,30,30
high_pitch_register,random_control_06,classifier.1,country,1,0.5385615251299827,0.0021689049353818225,2308,0.8333333134651184,30,30
high_pitch_register,random_control_06,classifier.1,jazz,2,0.3422077922077922,-0.00873780706292623,1540,0.8333333134651184,30,30
high_pitch_register,random_control_06,classifier.1,pop,3,0.16397415190598114,-0.015799915931083756,2476,0.8333333134651184,30,30
high_pitch_register,random_control_06,classifier.1,rock,4,0.3220599538816295,-0.009106116800309145,2602,0.8333333134651184,30,30
high_pitch_register,random_control_06,classifier.1,traditional,5,0.6228571449007306,0.008650446137679475,350,0.8333333134651184,30,30
high_pitch_register,random_control_07,classifier.1,classical,0,0.9040529363110008,0.02271617187619998,1209,0.75,30,30
high_pitch_register,random_control_07,classifier.1,country,1,0.6122183708838822,0.005946388129190101,2308,0.75,30,30
high_pitch_register,random_control_07,classifier.1,jazz,2,0.11558441558441558,-0.024443262205882506,1540,0.75,30,30
high_pitch_register,random_control_07,classifier.1,pop,3,0.13126009695460608,-0.01760839178002709,2476,0.75,30,30
high_pitch_register,random_control_07,classifier.1,rock,4,0.45695618754803996,-0.0025681890207246163,2602,0.75,30,30
high_pitch_register,random_control_07,classifier.1,traditional,5,0.8657142870766776,0.029238626062870025,350,0.75,30,30
high_pitch_register,random_control_08,classifier.1,classical,0,0.9718775848301113,0.043912022671145384,1209,0.8333333134651184,30,30
high_pitch_register,random_control_08,classifier.1,country,1,0.4883015597920277,0.0007807536537321591,2308,0.8333333134651184,30,30
high_pitch_register,random_control_08,classifier.1,jazz,2,0.033766233766233764,-0.0481442724826274,1540,0.8333333134651184,30,30
high_pitch_register,random_control_08,classifier.1,pop,3,0.2116316640704437,-0.016144547003632794,2476,0.8333333134651184,30,30
high_pitch_register,random_control_08,classifier.1,rock,4,0.3681783243658724,-0.009780528358499492,2602,0.8333333134651184,30,30
high_pitch_register,random_control_08,classifier.1,traditional,5,0.8314285721097674,0.03360981570822852,350,0.8333333134651184,30,30
high_pitch_register,random_control_09,classifier.1,classical,0,0.9958643507030603,0.06109343127735002,1209,0.9166666865348816,30,30
high_pitch_register,random_control_09,classifier.1,country,1,0.23526863084922012,-0.019207852619798592,2308,0.9166666865348816,30,30
high_pitch_register,random_control_09,classifier.1,jazz,2,0.01883116883116883,-0.05520682152989623,1540,0.9166666865348816,30,30
high_pitch_register,random_control_09,classifier.1,pop,3,0.13610662358642972,-0.022315509587237447,2476,0.9166666865348816,30,30
high_pitch_register,random_control_09,classifier.1,rock,4,0.817832436633055,0.02236810315122612,2602,0.9166666865348816,30,30
high_pitch_register,random_control_09,classifier.1,traditional,5,0.6314285721097673,0.020618770739861896,350,0.9166666865348816,30,30
high_polyphony,random_control_00,classifier.1,classical,0,0.44334160464425243,0.0014671240655922564,1209,0.5833333134651184,30,30
high_polyphony,random_control_00,classifier.1,country,1,0.23960138648180243,-0.013144897972516056,2308,0.5833333134651184,30,30
high_polyphony,random_control_00,classifier.1,jazz,2,0.6766233766233766,0.008513342786290042,1540,0.5833333134651184,30,30
high_polyphony,random_control_00,classifier.1,pop,3,0.17447495966042378,-0.014475531233640114,2476,0.5833333134651184,30,30
high_polyphony,random_control_00,classifier.1,rock,4,0.28132205995960846,-0.011187985848684114,2602,0.5833333134651184,30,30
high_polyphony,random_control_00,classifier.1,traditional,5,0.7142857153075082,0.02110259948032243,350,0.5833333134651184,30,30
high_polyphony,random_control_01,classifier.1,classical,0,0.6989247312567469,0.006951371229306091,1209,0.8333333134651184,30,30
high_polyphony,random_control_01,classifier.1,country,1,0.610051993067591,0.004680127598687464,2308,0.8333333134651184,30,30
high_polyphony,random_control_01,classifier.1,jazz,2,0.7201298701298702,0.010990130525179111,1540,0.8333333134651184,30,30
high_polyphony,random_control_01,classifier.1,pop,3,0.32673667205169626,-0.00611715475232709,2476,0.8333333134651184,30,30
high_polyphony,random_control_01,classifier.1,rock,4,0.24096848578589591,-0.014046880887602265,2602,0.8333333134651184,30,30
high_polyphony,random_control_01,classifier.1,traditional,5,0.6114285724503653,0.008175205301626453,350,0.8333333134651184,30,30
high_polyphony,random_control_02,classifier.1,classical,0,0.5955334987839556,0.0009617285621548926,1209,0.8333333134651184,30,30
high_polyphony,random_control_02,classifier.1,country,1,0.8457538994800693,0.018268100575154947,2308,0.8333333134651184,30,30
high_polyphony,random_control_02,classifier.1,jazz,2,0.35974025974025975,-0.00713459384845352,1540,0.8333333134651184,30,30
high_polyphony,random_control_02,classifier.1,pop,3,0.6478190631011383,0.006046569161041849,2476,0.8333333134651184,30,30
high_polyphony,random_control_02,classifier.1,rock,4,0.4427363567403607,-0.0036231702470831246,2602,0.8333333134651184,30,30
high_polyphony,random_control_02,classifier.1,traditional,5,0.5085714289120266,1.4251619577407836e-05,350,0.8333333134651184,30,30
high_polyphony,random_control_03,classifier.1,classical,0,0.6186931348468174,0.006433252903430224,1209,0.6666666865348816,30,30
high_polyphony,random_control_03,classifier.1,country,1,0.6334488734835355,0.006333792094702944,2308,0.6666666865348816,30,30
high_polyphony,random_control_03,classifier.1,jazz,2,0.7006493506493506,0.010120390812781724,1540,0.6666666865348816,30,30
high_polyphony,random_control_03,classifier.1,pop,3,0.5912762520193862,0.005245038063900307,2476,0.6666666865348816,30,30
high_polyphony,random_control_03,classifier.1,rock,4,0.20215219064550524,-0.015758577574239176,2602,0.6666666865348816,30,30
high_polyphony,random_control_03,classifier.1,traditional,5,0.4857142870766776,0.004304580838153405,350,0.6666666865348816,30,30
high_polyphony,random_control_04,classifier.1,classical,0,0.4317617866128215,-0.0021121128284309993,1209,0.75,30,30
high_polyphony,random_control_04,classifier.1,country,1,0.4033795493934142,-0.0027913741325149297,2308,0.75,30,30
high_polyphony,random_control_04,classifier.1,jazz,2,0.8480519480519481,0.01972338112627531,1540,0.75,30,30
high_polyphony,random_control_04,classifier.1,pop,3,0.40226171243941844,-0.0032963563070477547,2476,0.75,30,30
high_polyphony,random_control_04,classifier.1,rock,4,0.17025365104911697,-0.019667741654299024,2602,0.75,30,30
high_polyphony,random_control_04,classifier.1,traditional,5,0.29142857210976736,-0.013269791528582573,350,0.75,30,30
high_polyphony,random_control_05,classifier.1,classical,0,0.08023159636062861,-0.021434958038175272,1209,0.75,30,30
high_polyphony,random_control_05,classifier.1,country,1,0.4770363951473137,-0.002171759681588126,2308,0.75,30,30
high_polyphony,random_control_05,classifier.1,jazz,2,0.7155844155844155,0.009122349111387483,1540,0.75,30,30
high_polyphony,random_control_05,classifier.1,pop,3,0.46809369951534735,-0.0010476032291164379,2476,0.75,30,30
high_polyphony,random_control_05,classifier.1,rock,4,0.30361260569365917,-0.011087000866826454,2602,0.75,30,30
high_polyphony,random_control_05,classifier.1,traditional,5,0.35428571479661125,-0.008522162437438965,350,0.75,30,30
high_polyphony,random_control_06,classifier.1,classical,0,0.28287841191067,-0.007351492866688863,1209,0.75,30,30
high_polyphony,random_control_06,classifier.1,country,1,0.1707105719237435,-0.014971737372180514,2308,0.75,30,30
high_polyphony,random_control_06,classifier.1,jazz,2,0.4792207792207792,-0.00031160432966305065,1540,0.75,30,30
high_polyphony,random_control_06,classifier.1,pop,3,0.4277059774310215,-0.0007497763467323703,2476,0.75,30,30
high_polyphony,random_control_06,classifier.1,rock,4,0.49039200614911604,2.7067444432558325e-05,2602,0.75,30,30
high_polyphony,random_control_06,classifier.1,traditional,5,0.38857142891202656,-0.006831611080893449,350,0.75,30,30
high_polyphony,random_control_07,classifier.1,classical,0,0.21257237386269645,-0.013017395637602822,1209,0.8333333134651184,30,30
high_polyphony,random_control_07,classifier.1,country,1,0.6876083188908145,0.009200245340918053,2308,0.8333333134651184,30,30
high_polyphony,random_control_07,classifier.1,jazz,2,0.9415584415584416,0.035200951296787755,1540,0.8333333134651184,30,30
high_polyphony,random_control_07,classifier.1,pop,3,0.6102584815179396,0.008667371978664316,2476,0.8333333134651184,30,30
high_polyphony,random_control_07,classifier.1,rock,4,0.14488854727705655,-0.020293080334556644,2602,0.8333333134651184,30,30
high_polyphony,random_control_07,classifier.1,traditional,5,0.39428571496691023,-0.007780266925692558,350,0.8333333134651184,30,30
high_polyphony,random_control_08,classifier.1,classical,0,0.818031431082559,0.014675606058708664,1209,0.5833333134651184,30,30
high_polyphony,random_control_08,classifier.1,country,1,0.5324956672443674,0.00047773344117818815,2308,0.5833333134651184,30,30
high_polyphony,random_control_08,classifier.1,jazz,2,0.6272727272727273,0.004551631586577792,1540,0.5833333134651184,30,30
high_polyphony,random_control_08,classifier.1,pop,3,0.6130856219709209,0.004128675503593829,2476,0.5833333134651184,30,30
high_polyphony,random_control_08,classifier.1,rock,4,0.13950807072056157,-0.020964074257094067,2602,0.5833333134651184,30,30
high_polyphony,random_control_08,classifier.1,traditional,5,0.24571428639548165,-0.020636104813643863,350,0.5833333134651184,30,30
high_polyphony,random_control_09,classifier.1,classical,0,0.5516956162856964,0.005690968319091166,1209,0.8333333134651184,30,30
high_polyphony,random_control_09,classifier.1,country,1,0.39428076256499134,-0.004434668268133568,2308,0.8333333134651184,30,30
high_polyphony,random_control_09,classifier.1,jazz,2,0.7487012987012988,0.01319728848681628,1540,0.8333333134651184,30,30
high_polyphony,random_control_09,classifier.1,pop,3,0.48465266558966075,0.0004769040101248416,2476,0.8333333134651184,30,30
high_polyphony,random_control_09,classifier.1,rock,4,0.19062259804735177,-0.016169783818198342,2602,0.8333333134651184,30,30
high_polyphony,random_control_09,classifier.1,traditional,5,0.5771428574834551,0.006102397081309131,350,0.8333333134651184,30,30
irregular_ioi,random_control_00,classifier.1,classical,0,0.978494623655914,0.06242025966507231,1209,0.8333333134651184,30,30
irregular_ioi,random_control_00,classifier.1,country,1,0.29809358752166376,-0.012082292353516474,2308,0.8333333134651184,30,30
irregular_ioi,random_control_00,classifier.1,jazz,2,0.07727272727272727,-0.03500409859728504,1540,0.8333333134651184,30,30
irregular_ioi,random_control_00,classifier.1,pop,3,0.1983037156704362,-0.018252424196143046,2476,0.8333333134651184,30,30
irregular_ioi,random_control_00,classifier.1,rock,4,0.5372790160956152,9.350533501247229e-05,2602,0.8333333134651184,30,30
irregular_ioi,random_control_00,classifier.1,traditional,5,0.7485714295932225,0.016812424127544676,350,0.8333333134651184,30,30
irregular_ioi,random_control_01,classifier.1,classical,0,0.9826302729528535,0.06580296104559728,1209,0.9166666865348816,30,30
irregular_ioi,random_control_01,classifier.1,country,1,0.541161178509532,0.0010957765918341263,2308,0.9166666865348816,30,30
irregular_ioi,random_control_01,classifier.1,jazz,2,0.3422077922077922,-0.011223345205139417,1540,0.9166666865348816,30,30
irregular_ioi,random_control_01,classifier.1,pop,3,0.09369951537140737,-0.025150737916277376,2476,0.9166666865348816,30,30
irregular_ioi,random_control_01,classifier.1,rock,4,0.5061491161561947,-0.00027899348796585105,2602,0.9166666865348816,30,30
irregular_ioi,random_control_01,classifier.1,traditional,5,0.8485714302744184,0.029959462785295078,350,0.9166666865348816,30,30
irregular_ioi,random_control_02,classifier.1,classical,0,0.9445822994210091,0.05292661733019441,1209,0.8333333134651184,30,30
irregular_ioi,random_control_02,classifier.1,country,1,0.26429809358752165,-0.0166417288596369,2308,0.8333333134651184,30,30
irregular_ioi,random_control_02,classifier.1,jazz,2,0.3448051948051948,-0.00993118416276071,1540,0.8333333134651184,30,30
irregular_ioi,random_control_02,classifier.1,pop,3,0.4103392569622046,-0.005341093236639169,2476,0.8333333134651184,30,30
irregular_ioi,random_control_02,classifier.1,rock,4,0.19830899308224442,-0.013880450096515385,2602,0.8333333134651184,30,30
irregular_ioi,random_control_02,classifier.1,traditional,5,0.720000000681196,0.014925440001700605,350,0.8333333134651184,30,30
irregular_ioi,random_control_03,classifier.1,classical,0,0.989247311827957,0.04822891424629588,1209,0.9166666865348816,30,30
irregular_ioi,random_control_03,classifier.1,country,1,0.432842287694974,-0.0031890198511702605,2308,0.9166666865348816,30,30
irregular_ioi,random_control_03,classifier.1,jazz,2,0.09090909090909091,-0.03327236540325276,1540,0.9166666865348816,30,30
irregular_ioi,random_control_03,classifier.1,pop,3,0.3905492730210016,-0.008320723423039952,2476,0.9166666865348816,30,30
irregular_ioi,random_control_03,classifier.1,rock,4,0.4565718678856336,-0.0013423501970253593,2602,0.9166666865348816,30,30
irregular_ioi,random_control_03,classifier.1,traditional,5,0.5971428591864449,0.01663746766746044,350,0.9166666865348816,30,30
irregular_ioi,random_control_04,classifier.1,classical,0,0.9520264681555004,0.0336856336060933,1209,0.75,30,30
irregular_ioi,random_control_04,classifier.1,country,1,0.6503466204506065,0.007491776432383618,2308,0.75,30,30
irregular_ioi,random_control_04,classifier.1,jazz,2,0.23766233766233766,-0.01597245494508511,1540,0.75,30,30
irregular_ioi,random_control_04,classifier.1,pop,3,0.28513731827932337,-0.011034902221311082,2476,0.75,30,30
irregular_ioi,random_control_04,classifier.1,rock,4,0.7305918525586579,0.014700403006075896,2602,0.75,30,30
irregular_ioi,random_control_04,classifier.1,traditional,5,0.4971428574834551,-0.0004716935008764267,350,0.75,30,30
irregular_ioi,random_control_05,classifier.1,classical,0,0.9189412737799835,0.03115029461108721,1209,0.9166666865348816,30,30
irregular_ioi,random_control_05,classifier.1,country,1,0.4254766031195841,-0.0016758426260429094,2308,0.9166666865348816,30,30
irregular_ioi,random_control_05,classifier.1,jazz,2,0.30064935064935067,-0.01152027833650445,1540,0.9166666865348816,30,30
irregular_ioi,random_control_05,classifier.1,pop,3,0.23021001615508885,-0.014095608898783057,2476,0.9166666865348816,30,30
irregular_ioi,random_control_05,classifier.1,rock,4,0.6060722521595732,0.009434730807057283,2602,0.9166666865348816,30,30
irregular_ioi,random_control_05,classifier.1,traditional,5,0.6742857153075082,0.01852863105812243,350,0.9166666865348816,30,30
irregular_ioi,random_control_06,classifier.1,classical,0,0.9247311827956989,0.03851656419147234,1209,0.8333333134651184,30,30
irregular_ioi,random_control_06,classifier.1,country,1,0.5207972270363952,0.0024755512476387067,2308,0.8333333134651184,30,30
irregular_ioi,random_control_06,classifier.1,jazz,2,0.38181818181818183,-0.003291283270295758,1540,0.8333333134651184,30,30
irregular_ioi,random_control_06,classifier.1,pop,3,0.49111470122714806,-0.0021973273548356264,2476,0.8333333134651184,30,30
irregular_ioi,random_control_06,classifier.1,rock,4,0.4654112221597251,-0.0011592347852710206,2602,0.8333333134651184,30,30
irregular_ioi,random_control_06,classifier.1,traditional,5,0.6457142857142857,0.014589881881007126,350,0.8333333134651184,30,30
irregular_ioi,random_control_07,classifier.1,classical,0,0.8709677419354839,0.022067407030547524,1209,0.75,30,30
irregular_ioi,random_control_07,classifier.1,country,1,0.5879549393414212,0.005175494825373851,2308,0.75,30,30
irregular_ioi,random_control_07,classifier.1,jazz,2,0.6428571428571429,0.011060602855929113,1540,0.75,30,30
irregular_ioi,random_control_07,classifier.1,pop,3,0.14418416802496056,-0.015347747770115517,2476,0.75,30,30
irregular_ioi,random_control_07,classifier.1,rock,4,0.5084550345429634,0.0027656043623055086,2602,0.75,30,30
irregular_ioi,random_control_07,classifier.1,traditional,5,0.5000000020435879,0.008690265858479377,350,0.75,30,30
irregular_ioi,random_control_08,classifier.1,classical,0,0.976013234127051,0.04158939518237824,1209,0.75,30,30
irregular_ioi,random_control_08,classifier.1,country,1,0.6260831889081456,0.009879964295261421,2308,0.75,30,30
irregular_ioi,random_control_08,classifier.1,jazz,2,0.03701298701298701,-0.0385787389495156,1540,0.75,30,30
irregular_ioi,random_control_08,classifier.1,pop,3,0.3299676899185859,-0.008058032733335585,2476,0.75,30,30
irregular_ioi,random_control_08,classifier.1,rock,4,0.5561106841807911,0.0022313541848696396,2602,0.75,30,30
irregular_ioi,random_control_08,classifier.1,traditional,5,0.6400000013623919,0.015391379238239357,350,0.75,30,30
irregular_ioi,random_control_09,classifier.1,classical,0,0.9933829611248967,0.06851130036823605,1209,0.8333333134651184,30,30
irregular_ioi,random_control_09,classifier.1,country,1,0.317157712305026,-0.011903402623534847,2308,0.8333333134651184,30,30
irregular_ioi,random_control_09,classifier.1,jazz,2,0.047402597402597405,-0.03926572098166912,1540,0.8333333134651184,30,30
irregular_ioi,random_control_09,classifier.1,pop,3,0.11752827142956569,-0.022296775340046943,2476,0.8333333134651184,30,30
irregular_ioi,random_control_09,classifier.1,rock,4,0.8612605689306795,0.028320855095260975,2602,0.8333333134651184,30,30
irregular_ioi,random_control_09,classifier.1,traditional,5,0.46000000034059796,0.001732479738337653,350,0.8333333134651184,30,30
long_notes,random_control_00,classifier.1,classical,0,0.9536807278742763,0.037633677841317464,1209,0.6666666865348816,30,30
long_notes,random_control_00,classifier.1,country,1,0.3305892547660312,-0.009670032746363529,2308,0.6666666865348816,30,30
long_notes,random_control_00,classifier.1,jazz,2,0.43636363636363634,-0.006171390534584205,1540,0.6666666865348816,30,30
long_notes,random_control_00,classifier.1,pop,3,0.07148626819854792,-0.023586639686094923,2476,0.6666666865348816,30,30
long_notes,random_control_00,classifier.1,rock,4,0.19715603383159197,-0.015030546917749726,2602,0.6666666865348816,30,30
long_notes,random_control_00,classifier.1,traditional,5,0.840000000681196,0.029313697697860856,350,0.6666666865348816,30,30
long_notes,random_control_01,classifier.1,classical,0,0.967741935483871,0.052259599745298244,1209,0.8333333134651184,30,30
long_notes,random_control_01,classifier.1,country,1,0.3830155979202773,-0.006953456101332189,2308,0.8333333134651184,30,30
long_notes,random_control_01,classifier.1,jazz,2,0.30714285714285716,-0.011403760727640096,1540,0.8333333134651184,30,30
long_notes,random_control_01,classifier.1,pop,3,0.16195476575121162,-0.016723255307890584,2476,0.8333333134651184,30,30
long_notes,random_control_01,classifier.1,rock,4,0.2840122982779436,-0.006962522831412575,2602,0.8333333134651184,30,30
long_notes,random_control_01,classifier.1,traditional,5,0.917142858505249,0.04496805612530027,350,0.8333333134651184,30,30
long_notes,random_control_02,classifier.1,classical,0,0.9685690653432589,0.040530818019207104,1209,1.0,30,30
long_notes,random_control_02,classifier.1,country,1,0.5593587521663779,0.0004990036043288442,2308,1.0,30,30
long_notes,random_control_02,classifier.1,jazz,2,0.33051948051948055,-0.01174520725299689,1540,1.0,30,30
long_notes,random_control_02,classifier.1,pop,3,0.27180936999968064,-0.008333020723200673,2476,1.0,30,30
long_notes,random_control_02,classifier.1,rock,4,0.20215219066841247,-0.014220209698837758,2602,1.0,30,30
long_notes,random_control_02,classifier.1,traditional,5,0.6828571438789368,0.014591610907976116,350,1.0,30,30
long_notes,random_control_03,classifier.1,classical,0,0.9884201820178699,0.04273199005633272,1209,1.0,30,30
long_notes,random_control_03,classifier.1,country,1,0.20407279029462738,-0.0163458266135699,2308,1.0,30,30
long_notes,random_control_03,classifier.1,jazz,2,0.33506493506493507,-0.007346092497736409,1540,1.0,30,30
long_notes,random_control_03,classifier.1,pop,3,0.3614701131096949,-0.00593046897041321,2476,1.0,30,30
long_notes,random_control_03,classifier.1,rock,4,0.11606456576449242,-0.021133776598801116,2602,1.0,30,30
long_notes,random_control_03,classifier.1,traditional,5,0.677142857824053,0.01961993271751063,350,1.0,30,30
long_notes,random_control_04,classifier.1,classical,0,0.8593879240026545,0.020906722850980494,1209,0.9166666865348816,30,30
long_notes,random_control_04,classifier.1,country,1,0.6382149046793761,0.007638446980218954,2308,0.9166666865348816,30,30
long_notes,random_control_04,classifier.1,jazz,2,0.6305194805194805,0.008795181715365063,1540,0.9166666865348816,30,30
long_notes,random_control_04,classifier.1,pop,3,0.3424878837315062,-0.005633749875355879,2476,0.9166666865348816,30,30
long_notes,random_control_04,classifier.1,rock,4,0.10607225211948546,-0.02466813891805382,2602,0.9166666865348816,30,30
long_notes,random_control_04,classifier.1,traditional,5,0.6828571438789368,0.015010715957198825,350,0.9166666865348816,30,30
long_notes,random_control_05,classifier.1,classical,0,0.9619520264681555,0.03920280972204492,1209,0.9166666865348816,30,30
long_notes,random_control_05,classifier.1,country,1,0.4913344887348354,-0.001027401053690492,2308,0.9166666865348816,30,30
long_notes,random_control_05,classifier.1,jazz,2,0.32922077922077925,-0.009745347071076174,1540,0.9166666865348816,30,30
long_notes,random_control_05,classifier.1,pop,3,0.24636510500807754,-0.012519062184525566,2476,0.9166666865348816,30,30
long_notes,random_control_05,classifier.1,rock,4,0.4611837048424289,-0.0008272044319476213,2602,0.9166666865348816,30,30
long_notes,random_control_05,classifier.1,traditional,5,0.6057142870766776,0.01316027534859521,350,0.9166666865348816,30,30
long_notes,random_control_06,classifier.1,classical,0,0.9263854425637755,0.02636017693658078,1209,0.9166666865348816,30,30
long_notes,random_control_06,classifier.1,country,1,0.3695840554592721,-0.0038805925676702446,2308,0.9166666865348816,30,30
long_notes,random_control_06,classifier.1,jazz,2,0.5155844155844156,0.003419349676409325,1540,0.9166666865348816,30,30
long_notes,random_control_06,classifier.1,pop,3,0.25888529889321676,-0.008883727194593922,2476,0.9166666865348816,30,30
long_notes,random_control_06,classifier.1,rock,4,0.28939277479435094,-0.009239302499994327,2602,0.9166666865348816,30,30
long_notes,random_control_06,classifier.1,traditional,5,0.677142859186445,0.018081735612026282,350,0.9166666865348816,30,30
long_notes,random_control_07,classifier.1,classical,0,0.9280397022332506,0.02840183521224212,1209,0.75,30,30
long_notes,random_control_07,classifier.1,country,1,0.5355285961871751,0.0003562599295052979,2308,0.75,30,30
long_notes,random_control_07,classifier.1,jazz,2,0.9142857142857143,0.031948757481265376,1540,0.75,30,30
long_notes,random_control_07,classifier.1,pop,3,0.13772213248376508,-0.0193434808288907,2476,0.75,30,30
long_notes,random_control_07,classifier.1,rock,4,0.16602613374900121,-0.01614985651165522,2602,0.75,30,30
long_notes,random_control_07,classifier.1,traditional,5,0.6342857153075082,0.012974144792450326,350,0.75,30,30
long_notes,random_control_08,classifier.1,classical,0,0.9760132340777502,0.04361530022373665,1209,0.75,30,30
long_notes,random_control_08,classifier.1,country,1,0.24653379549393414,-0.013389023873903361,2308,0.75,30,30
long_notes,random_control_08,classifier.1,jazz,2,0.3207792207792208,-0.007850132421771815,1540,0.75,30,30
long_notes,random_control_08,classifier.1,pop,3,0.19911147013715857,-0.012786422475498405,2476,0.75,30,30
long_notes,random_control_08,classifier.1,rock,4,0.16026133744419765,-0.015714431720586074,2602,0.75,30,30
long_notes,random_control_08,classifier.1,traditional,5,0.657142858505249,0.015578652889733868,350,0.75,30,30
long_notes,random_control_09,classifier.1,classical,0,0.9900744416873449,0.056618551619665204,1209,1.0,30,30
long_notes,random_control_09,classifier.1,country,1,0.285528596187175,-0.012333645841850862,2308,1.0,30,30
long_notes,random_control_09,classifier.1,jazz,2,0.525974025974026,0.0015071176567006033,1540,1.0,30,30
long_notes,random_control_09,classifier.1,pop,3,0.15387722134879026,-0.014765322403997328,2476,1.0,30,30
long_notes,random_control_09,classifier.1,rock,4,0.15295926211179905,-0.01676438254684347,2602,1.0,30,30
long_notes,random_control_09,classifier.1,traditional,5,0.8314285731315613,0.03015194883303983,350,1.0,30,30
low_note_density,random_control_00,classifier.1,classical,0,0.9553349875930521,0.04895863229388832,1209,0.8333333134651184,30,30
low_note_density,random_control_00,classifier.1,country,1,0.49003466204506063,-0.0008203098344644031,2308,0.8333333134651184,30,30
low_note_density,random_control_00,classifier.1,jazz,2,0.03506493506493506,-0.04244447412428918,1540,0.8333333134651184,30,30
low_note_density,random_control_00,classifier.1,pop,3,0.1344911147252038,-0.02230895328695054,2476,0.8333333134651184,30,30
low_note_density,random_control_00,classifier.1,rock,4,0.7536510377091504,0.012392836312930186,2602,0.8333333134651184,30,30
low_note_density,random_control_00,classifier.1,traditional,5,0.7685714306150164,0.017315404918044806,350,0.8333333134651184,30,30
low_note_density,random_control_01,classifier.1,classical,0,0.9569892473611288,0.06751432892233997,1209,0.9166666865348816,30,30
low_note_density,random_control_01,classifier.1,country,1,0.4666377816291161,-0.008327925146397597,2308,0.9166666865348816,30,30
low_note_density,random_control_01,classifier.1,jazz,2,0.2636363636363636,-0.017602351094995226,1540,0.9166666865348816,30,30
low_note_density,random_control_01,classifier.1,pop,3,0.1316639741759308,-0.02318002460509394,2476,0.9166666865348816,30,30
low_note_density,random_control_01,classifier.1,rock,4,0.40238278249792647,-0.007792670617623113,2602,0.9166666865348816,30,30
low_note_density,random_control_01,classifier.1,traditional,5,0.7628571445601328,0.018211685876761165,350,0.9166666865348816,30,30
low_note_density,random_control_02,classifier.1,classical,0,0.8643507030603805,0.026007335995092088,1209,0.8333333134651184,30,30
low_note_density,random_control_02,classifier.1,country,1,0.3128249566724437,-0.010059694314062388,2308,0.8333333134651184,30,30
low_note_density,random_control_02,classifier.1,jazz,2,0.2558441558441558,-0.012477536358894757,1540,0.8333333134651184,30,30
low_note_density,random_control_02,classifier.1,pop,3,0.7314216480116467,0.00941987324548172,2476,0.8333333134651184,30,30
low_note_density,random_control_02,classifier.1,rock,4,0.24442736358939457,-0.009138436942181617,2602,0.8333333134651184,30,30
low_note_density,random_control_02,classifier.1,traditional,5,0.5914285724503653,0.0012542598428470749,350,0.8333333134651184,30,30
low_note_density,random_control_03,classifier.1,classical,0,0.9693961952026469,0.047933326071209904,1209,1.0,30,30
low_note_density,random_control_03,classifier.1,country,1,0.6087521663778163,0.0034923910777095828,2308,1.0,30,30
low_note_density,random_control_03,classifier.1,jazz,2,0.047402597402597405,-0.03565000825888151,1540,1.0,30,30
low_note_density,random_control_03,classifier.1,pop,3,0.2968497577218131,-0.011891642436069197,2476,1.0,30,30
low_note_density,random_control_03,classifier.1,rock,4,0.5734050730665677,0.0023866417219319726,2602,1.0,30,30
low_note_density,random_control_03,classifier.1,traditional,5,0.5314285727909633,0.003978935449517199,350,1.0,30,30
low_note_density,random_control_04,classifier.1,classical,0,0.6650124069971916,0.01049909003485669,1209,0.9166666865348816,30,30
low_note_density,random_control_04,classifier.1,country,1,0.7716637781629117,0.013558171719774295,2308,0.9166666865348816,30,30
low_note_density,random_control_04,classifier.1,jazz,2,0.1474025974025974,-0.019906174541487322,1540,0.9166666865348816,30,30
low_note_density,random_control_04,classifier.1,pop,3,0.4636510501048484,-0.0007434729144416497,2476,0.9166666865348816,30,30
low_note_density,random_control_04,classifier.1,rock,4,0.7851652575400497,0.014699309182386962,2602,0.9166666865348816,30,30
low_note_density,random_control_04,classifier.1,traditional,5,0.5571428571428572,0.0072167374885508,350,0.9166666865348816,30,30
low_note_density,random_control_05,classifier.1,classical,0,0.8527708850782503,0.021333478597617524,1209,0.9166666865348816,30,30
low_note_density,random_control_05,classifier.1,country,1,0.5957538994800693,0.005666103634492622,2308,0.9166666865348816,30,30
low_note_density,random_control_05,classifier.1,jazz,2,0.2727272727272727,-0.011341540415033505,1540,0.9166666865348816,30,30
low_note_density,random_control_05,classifier.1,pop,3,0.1805331179562216,-0.01672065871435192,2476,0.9166666865348816,30,30
low_note_density,random_control_05,classifier.1,rock,4,0.6199077632132171,0.00812591532772145,2602,0.9166666865348816,30,30
low_note_density,random_control_05,classifier.1,traditional,5,0.6114285734721593,0.01582080258854798,350,0.9166666865348816,30,30
low_note_density,random_control_06,classifier.1,classical,0,0.9081885856572413,0.033430709612206844,1209,1.0,30,30
low_note_density,random_control_06,classifier.1,country,1,0.6750433275563258,0.009741548610410525,2308,1.0,30,30
low_note_density,random_control_06,classifier.1,jazz,2,0.19480519480519481,-0.01521619190159556,1540,1.0,30,30
low_note_density,random_control_06,classifier.1,pop,3,0.22576736672051698,-0.013336327971111207,2476,1.0,30,30
low_note_density,random_control_06,classifier.1,rock,4,0.5872405842118407,0.005411507849222764,2602,1.0,30,30
low_note_density,random_control_06,classifier.1,traditional,5,0.5942857142857143,0.012947505222899574,350,1.0,30,30
low_note_density,random_control_07,classifier.1,classical,0,0.847808105872622,0.01600293620397869,1209,0.9166666865348816,30,30
low_note_density,random_control_07,classifier.1,country,1,0.6763431542461005,0.006866926269240975,2308,0.9166666865348816,30,30
low_note_density,random_control_07,classifier.1,jazz,2,0.1974025974025974,-0.013831453409965163,1540,0.9166666865348816,30,30
low_note_density,random_control_07,classifier.1,pop,3,0.19103392571066424,-0.012700331193486738,2476,0.9166666865348816,30,30
low_note_density,random_control_07,classifier.1,rock,4,0.6606456571409649,0.00880062695933387,2602,0.9166666865348816,30,30
low_note_density,random_control_07,classifier.1,traditional,5,0.6314285724503653,0.008699377442577056,350,0.9166666865348816,30,30
low_note_density,random_control_08,classifier.1,classical,0,0.9743589744082751,0.044176259142022375,1209,0.8333333134651184,30,30
low_note_density,random_control_08,classifier.1,country,1,0.6988734835355286,0.011353652881526193,2308,0.8333333134651184,30,30
low_note_density,random_control_08,classifier.1,jazz,2,0.03506493506493506,-0.040907200164609143,1540,0.8333333134651184,30,30
low_note_density,random_control_08,classifier.1,pop,3,0.1591276252019386,-0.020202485896400228,2476,0.8333333134651184,30,30
low_note_density,random_control_08,classifier.1,rock,4,0.4519600308372093,-0.00196091169622165,2602,0.8333333134651184,30,30
low_note_density,random_control_08,classifier.1,traditional,5,0.6542857142857142,0.012814165321843965,350,0.8333333134651184,30,30
low_note_density,random_control_09,classifier.1,classical,0,0.9867659222497932,0.06862460195130805,1209,0.9166666865348816,30,30
low_note_density,random_control_09,classifier.1,country,1,0.41767764298093585,-0.006267105140021164,2308,0.9166666865348816,30,30
low_note_density,random_control_09,classifier.1,jazz,2,0.05194805194805195,-0.03899760519142275,1540,0.9166666865348816,30,30
low_note_density,random_control_09,classifier.1,pop,3,0.08804523426082485,-0.02441674670105219,2476,0.9166666865348816,30,30
low_note_density,random_control_09,classifier.1,rock,4,0.8689469640113866,0.02991513448619183,2602,0.9166666865348816,30,30
low_note_density,random_control_09,classifier.1,traditional,5,0.5228571428571429,0.007019835391547531,350,0.9166666865348816,30,30
low_pitch_register,random_control_00,classifier.1,classical,0,0.5765095121905861,0.0017039129014432776,1209,0.8333333134651184,30,30
low_pitch_register,random_control_00,classifier.1,country,1,0.6811091854419411,0.007729581768254861,2308,0.8333333134651184,30,30
low_pitch_register,random_control_00,classifier.1,jazz,2,0.261038961038961,-0.014042055768916359,1540,0.8333333134651184,30,30
low_pitch_register,random_control_00,classifier.1,pop,3,0.2512116316880471,-0.011616307488298089,2476,0.8333333134651184,30,30
low_pitch_register,random_control_00,classifier.1,rock,4,0.46656418142183115,-0.0023722926982972688,2602,0.8333333134651184,30,30
low_pitch_register,random_control_00,classifier.1,traditional,5,0.1971428576537541,-0.022951758418764387,350,0.8333333134651184,30,30
low_pitch_register,random_control_01,classifier.1,classical,0,0.8891645988913189,0.02107010197088529,1209,0.8333333134651184,30,30
low_pitch_register,random_control_01,classifier.1,country,1,0.7305025996533796,0.011233992898833504,2308,0.8333333134651184,30,30
low_pitch_register,random_control_01,classifier.1,jazz,2,0.2668831168831169,-0.014397145730334442,1540,0.8333333134651184,30,30
low_pitch_register,random_control_01,classifier.1,pop,3,0.119951534757514,-0.018780944113633166,2476,0.8333333134651184,30,30
low_pitch_register,random_control_01,classifier.1,rock,4,0.4800153728359759,-0.001366224871886798,2602,0.8333333134651184,30,30
low_pitch_register,random_control_01,classifier.1,traditional,5,0.5485714295932225,0.004812125289546592,350,0.8333333134651184,30,30
low_pitch_register,random_control_02,classifier.1,classical,0,0.3217535153265528,-0.00777046826519411,1209,0.8333333134651184,30,30
low_pitch_register,random_control_02,classifier.1,country,1,0.598786828422877,0.004992116137025991,2308,0.8333333134651184,30,30
low_pitch_register,random_control_02,classifier.1,jazz,2,0.5532467532467532,0.002443983583626422,1540,0.8333333134651184,30,30
low_pitch_register,random_control_02,classifier.1,pop,3,0.7197092084969381,0.008771862979129751,2476,0.8333333134651184,30,30
low_pitch_register,random_control_02,classifier.1,rock,4,0.47886241348224085,-0.000769261893731106,2602,0.8333333134651184,30,30
low_pitch_register,random_control_02,classifier.1,traditional,5,0.16000000051089697,-0.02678338184952736,350,0.8333333134651184,30,30
low_pitch_register,random_control_03,classifier.1,classical,0,0.8999172870633619,0.02214521400143629,1209,0.75,30,30
low_pitch_register,random_control_03,classifier.1,country,1,0.83578856152513,0.021101837905133515,2308,0.75,30,30
low_pitch_register,random_control_03,classifier.1,jazz,2,0.10194805194805195,-0.028983219974226766,1540,0.75,30,30
low_pitch_register,random_control_03,classifier.1,pop,3,0.2827140549273021,-0.009401278821555883,2476,0.75,30,30
low_pitch_register,random_control_03,classifier.1,rock,4,0.6848578017368214,0.008089596460030045,2602,0.75,30,30
low_pitch_register,random_control_03,classifier.1,traditional,5,0.2171428576537541,-0.017136203359280313,350,0.75,30,30
low_pitch_register,random_control_04,classifier.1,classical,0,0.7915632754342432,0.015219695932355866,1209,0.9166666865348816,30,30
low_pitch_register,random_control_04,classifier.1,country,1,0.7686308492201039,0.01524493210518045,2308,0.9166666865348816,30,30
low_pitch_register,random_control_04,classifier.1,jazz,2,0.2551948051948052,-0.016191946265178843,1540,0.9166666865348816,30,30
low_pitch_register,random_control_04,classifier.1,pop,3,0.3945880452823947,-0.004779998865279464,2476,0.9166666865348816,30,30
low_pitch_register,random_control_04,classifier.1,rock,4,0.654880860967878,0.00718422988923603,2602,0.9166666865348816,30,30
low_pitch_register,random_control_04,classifier.1,traditional,5,0.1428571429848671,-0.029903764352202416,350,0.9166666865348816,30,30
low_pitch_register,random_control_05,classifier.1,classical,0,0.7923904053429319,0.01390521890022372,1209,0.75,30,30
low_pitch_register,random_control_05,classifier.1,country,1,0.5476603119584056,0.004099202155905487,2308,0.75,30,30
low_pitch_register,random_control_05,classifier.1,jazz,2,0.38181818181818183,-0.00706586345256149,1540,0.75,30,30
low_pitch_register,random_control_05,classifier.1,pop,3,0.101373182576577,-0.020679847055952844,2476,0.75,30,30
low_pitch_register,random_control_05,classifier.1,rock,4,0.46464258264020075,-0.0003601911543602901,2602,0.75,30,30
low_pitch_register,random_control_05,classifier.1,traditional,5,0.6000000020435878,0.011879423170217446,350,0.75,30,30
low_pitch_register,random_control_06,classifier.1,classical,0,0.9611248966580683,0.03343155401442246,1209,0.9166666865348816,30,30
low_pitch_register,random_control_06,classifier.1,country,1,0.6650779896013865,0.013093372292823095,2308,0.9166666865348816,30,30
low_pitch_register,random_control_06,classifier.1,jazz,2,0.3422077922077922,-0.008403840484460454,1540,0.9166666865348816,30,30
low_pitch_register,random_control_06,classifier.1,pop,3,0.1684168012924071,-0.014610023657537045,2476,0.9166666865348816,30,30
low_pitch_register,random_control_06,classifier.1,rock,4,0.319369715603382,-0.008166582527986336,2602,0.9166666865348816,30,30
low_pitch_register,random_control_06,classifier.1,traditional,5,0.5514285714285714,0.006250127694968666,350,0.9166666865348816,30,30
low_pitch_register,random_control_07,classifier.1,classical,0,0.6633581472784158,0.005599867062977491,1209,0.9166666865348816,30,30
low_pitch_register,random_control_07,classifier.1,country,1,0.6568457538994801,0.006999217690835405,2308,0.9166666865348816,30,30
low_pitch_register,random_control_07,classifier.1,jazz,2,0.475974025974026,-0.001859077603205458,1540,0.9166666865348816,30,30
low_pitch_register,random_control_07,classifier.1,pop,3,0.284329563812601,-0.009273450121641616,2476,0.9166666865348816,30,30
low_pitch_register,random_control_07,classifier.1,rock,4,0.5795541890395045,0.002918852480639525,2602,0.9166666865348816,30,30
low_pitch_register,random_control_07,classifier.1,traditional,5,0.13142857155629567,-0.028113318447555814,350,0.9166666865348816,30,30
low_pitch_register,random_control_08,classifier.1,classical,0,0.9230769231262239,0.025585248209751766,1209,0.6666666865348816,30,30
low_pitch_register,random_control_08,classifier.1,country,1,0.7551993067590987,0.017892666326503253,2308,0.6666666865348816,30,30
low_pitch_register,random_control_08,classifier.1,jazz,2,0.1357142857142857,-0.024295566325354113,1540,0.6666666865348816,30,30
low_pitch_register,random_control_08,classifier.1,pop,3,0.35218093699515346,-0.006424374008018626,2476,0.6666666865348816,30,30
low_pitch_register,random_control_08,classifier.1,rock,4,0.3800922367466953,-0.008252935864168759,2602,0.6666666865348816,30,30
low_pitch_register,random_control_08,classifier.1,traditional,5,0.39428571564810616,-0.003913420697541109,350,0.6666666865348816,30,30
low_pitch_register,random_control_09,classifier.1,classical,0,0.9007444169227499,0.02712926847399563,1209,0.75,30,30
low_pitch_register,random_control_09,classifier.1,country,1,0.628682842287695,0.01075298941340717,2308,0.75,30,30
low_pitch_register,random_control_09,classifier.1,jazz,2,0.29805194805194807,-0.012023760914173606,1540,0.75,30,30
low_pitch_register,random_control_09,classifier.1,pop,3,0.14378029080363583,-0.01989805888270234,2476,0.75,30,30
low_pitch_register,random_control_09,classifier.1,rock,4,0.7313604920209141,0.013303833826087833,2602,0.75,30,30
low_pitch_register,random_control_09,classifier.1,traditional,5,0.21714285739830563,-0.027811157405376433,350,0.75,30,30
regular_ioi,random_control_00,classifier.1,classical,0,0.3399503722330871,-0.00884586129171159,1209,0.8333333134651184,30,30
regular_ioi,random_control_00,classifier.1,country,1,0.1893414211438475,-0.01551065033550279,2308,0.8333333134651184,30,30
regular_ioi,random_control_00,classifier.1,jazz,2,0.21818181818181817,-0.01987680462612347,1540,0.8333333134651184,30,30
regular_ioi,random_control_00,classifier.1,pop,3,0.5981421647819063,0.004443357716862154,2476,0.8333333134651184,30,30
regular_ioi,random_control_00,classifier.1,rock,4,0.48885472717878914,-0.0007486085034835279,2602,0.8333333134651184,30,30
regular_ioi,random_control_00,classifier.1,traditional,5,0.8228571442195347,0.025379376262426378,350,0.8333333134651184,30,30
regular_ioi,random_control_01,classifier.1,classical,0,0.24152191901522496,-0.013678261473685553,1209,0.8333333134651184,30,30
regular_ioi,random_control_01,classifier.1,country,1,0.10788561525129983,-0.021732321343960907,2308,0.8333333134651184,30,30
regular_ioi,random_control_01,classifier.1,jazz,2,0.4564935064935065,-0.00853980164491124,1540,0.8333333134651184,30,30
regular_ioi,random_control_01,classifier.1,pop,3,0.5262520194823984,0.00046176262958176877,2476,0.8333333134651184,30,30
regular_ioi,random_control_01,classifier.1,rock,4,0.704842428855031,0.009046261451872126,2602,0.8333333134651184,30,30
regular_ioi,random_control_01,classifier.1,traditional,5,0.7028571445601327,0.015362065775053842,350,0.8333333134651184,30,30
regular_ioi,random_control_02,classifier.1,classical,0,0.22828784119722959,-0.016855235122963847,1209,0.9166666865348816,30,30
regular_ioi,random_control_02,classifier.1,country,1,0.30805892547660313,-0.00859698674607654,2308,0.9166666865348816,30,30
regular_ioi,random_control_02,classifier.1,jazz,2,0.06688311688311688,-0.030238883371477003,1540,0.9166666865348816,30,30
regular_ioi,random_control_02,classifier.1,pop,3,0.5831987075928917,0.0044268493082446556,2476,0.9166666865348816,30,30
regular_ioi,random_control_02,classifier.1,rock,4,0.7997694082850222,0.01299990990630807,2602,0.9166666865348816,30,30
regular_ioi,random_control_02,classifier.1,traditional,5,0.8114285731315612,0.022170847430825234,350,0.9166666865348816,30,30
regular_ioi,random_control_03,classifier.1,classical,0,0.37634408604615577,-0.004471368200221828,1209,0.8333333134651184,30,30
regular_ioi,random_control_03,classifier.1,country,1,0.3925476603119584,-0.00392276717917235,2308,0.8333333134651184,30,30
regular_ioi,random_control_03,classifier.1,jazz,2,0.12272727272727273,-0.023286886943818686,1540,0.8333333134651184,30,30
regular_ioi,random_control_03,classifier.1,pop,3,0.4172051696765789,-0.001895876964313461,2476,0.8333333134651184,30,30
regular_ioi,random_control_03,classifier.1,rock,4,0.8205226748654881,0.013459083669282765,2602,0.8333333134651184,30,30
regular_ioi,random_control_03,classifier.1,traditional,5,0.6628571449007307,0.012344107893960817,350,0.8333333134651184,30,30
regular_ioi,random_control_04,classifier.1,classical,0,0.08602150538250668,-0.032990106149608185,1209,0.6666666865348816,30,30
regular_ioi,random_control_04,classifier.1,country,1,0.33578856152513,-0.006072839253147873,2308,0.6666666865348816,30,30
regular_ioi,random_control_04,classifier.1,jazz,2,0.2383116883116883,-0.017567447582622627,1540,0.6666666865348816,30,30
regular_ioi,random_control_04,classifier.1,pop,3,0.7673667207095465,0.01265182382515925,2476,0.6666666865348816,30,30
regular_ioi,random_control_04,classifier.1,rock,4,0.4584934665870886,-0.0006713065348784271,2602,0.6666666865348816,30,30
regular_ioi,random_control_04,classifier.1,traditional,5,0.5657142857142857,0.0028058155852236917,350,0.6666666865348816,30,30
regular_ioi,random_control_05,classifier.1,classical,0,0.06286186931964481,-0.0333812129495063,1209,0.75,30,30
regular_ioi,random_control_05,classifier.1,country,1,0.2699306759098787,-0.010258185140953191,2308,0.75,30,30
regular_ioi,random_control_05,classifier.1,jazz,2,0.2051948051948052,-0.014304138112861615,1540,0.75,30,30
regular_ioi,random_control_05,classifier.1,pop,3,0.4422455573505654,-0.001133950158986767,2476,0.75,30,30
regular_ioi,random_control_05,classifier.1,rock,4,0.80591852416633,0.014478510978712566,2602,0.75,30,30
regular_ioi,random_control_05,classifier.1,traditional,5,0.5457142877578736,0.004778133343373027,350,0.75,30,30
regular_ioi,random_control_06,classifier.1,classical,0,0.19106699752477302,-0.015025562646038479,1209,0.6666666865348816,30,30
regular_ioi,random_control_06,classifier.1,country,1,0.2378682842287695,-0.013055047206338528,2308,0.6666666865348816,30,30
regular_ioi,random_control_06,classifier.1,jazz,2,0.10974025974025974,-0.023267225030954783,1540,0.6666666865348816,30,30
regular_ioi,random_control_06,classifier.1,pop,3,0.5626009693053312,0.003980592868527057,2476,0.6666666865348816,30,30
regular_ioi,random_control_06,classifier.1,rock,4,0.5737893927976959,0.0034451414014912175,2602,0.6666666865348816,30,30
regular_ioi,random_control_06,classifier.1,traditional,5,0.7400000027247837,0.01673547944852284,350,0.6666666865348816,30,30
regular_ioi,random_control_07,classifier.1,classical,0,0.08684863524189461,-0.02390714469261782,1209,0.75,30,30
regular_ioi,random_control_07,classifier.1,country,1,0.4930675909878683,-0.003026367914180983,2308,0.75,30,30
regular_ioi,random_control_07,classifier.1,jazz,2,0.537012987012987,-0.0014941454762230058,1540,0.75,30,30
regular_ioi,random_control_07,classifier.1,pop,3,0.4458804524387797,-0.0007227828883398956,2476,0.75,30,30
regular_ioi,random_control_07,classifier.1,rock,4,0.6368178323907727,0.004487823369589954,2602,0.75,30,30
regular_ioi,random_control_07,classifier.1,traditional,5,0.557142857824053,-0.0011095139969672476,350,0.75,30,30
regular_ioi,random_control_08,classifier.1,classical,0,0.47394540950323155,-0.0031978057283750983,1209,0.75,30,30
regular_ioi,random_control_08,classifier.1,country,1,0.33232235701906415,-0.007207250505834302,2308,0.75,30,30
regular_ioi,random_control_08,classifier.1,jazz,2,0.044805194805194806,-0.04258817348193813,1540,0.75,30,30
regular_ioi,random_control_08,classifier.1,pop,3,0.6991114703056693,0.00832412223352694,2476,0.75,30,30
regular_ioi,random_control_08,classifier.1,rock,4,0.6322059953881629,0.004217866128117281,2602,0.75,30,30
regular_ioi,random_control_08,classifier.1,traditional,5,0.7628571455819266,0.02114826900618417,350,0.75,30,30
regular_ioi,random_control_09,classifier.1,classical,0,0.43920595535963797,-0.0003098776221977866,1209,0.8333333134651184,30,30
regular_ioi,random_control_09,classifier.1,country,1,0.2110051993067591,-0.014003936406321811,2308,0.8333333134651184,30,30
regular_ioi,random_control_09,classifier.1,jazz,2,0.20064935064935066,-0.01709683473137292,1540,0.8333333134651184,30,30
regular_ioi,random_control_09,classifier.1,pop,3,0.35904684975767365,-0.0051695110742002726,2476,0.8333333134651184,30,30
regular_ioi,random_control_09,classifier.1,rock,4,0.40814757883136404,-0.0036139442160550927,2602,0.8333333134651184,30,30
regular_ioi,random_control_09,classifier.1,traditional,5,0.5857142867360796,0.008037963504237787,350,0.8333333134651184,30,30
short_notes,random_control_00,classifier.1,classical,0,0.23986765922866052,-0.017014808670869536,1209,0.9166666865348816,30,30
short_notes,random_control_00,classifier.1,country,1,0.18847487001733101,-0.017866921806433584,2308,0.9166666865348816,30,30
short_notes,random_control_00,classifier.1,jazz,2,0.033116883116883114,-0.04541467642048737,1540,0.9166666865348816,30,30
short_notes,random_control_00,classifier.1,pop,3,0.6405492732135852,0.005560574634075887,2476,0.9166666865348816,30,30
short_notes,random_control_00,classifier.1,rock,4,0.9112221368178325,0.027320487801269052,2602,0.9166666865348816,30,30
short_notes,random_control_00,classifier.1,traditional,5,0.20000000025544848,-0.030889099900211606,350,0.9166666865348816,30,30
short_notes,random_control_01,classifier.1,classical,0,0.4458229944072941,-0.006199823335973227,1209,0.75,30,30
short_notes,random_control_01,classifier.1,country,1,0.2833622183708839,-0.013356132991087382,2308,0.75,30,30
short_notes,random_control_01,classifier.1,jazz,2,0.38051948051948054,-0.006902749160328856,1540,0.75,30,30
short_notes,random_control_01,classifier.1,pop,3,0.3667205169628433,-0.00772646672817576,2476,0.75,30,30
short_notes,random_control_01,classifier.1,rock,4,0.6395080708064637,0.005298672923206178,2602,0.75,30,30
short_notes,random_control_01,classifier.1,traditional,5,0.32571428622518267,-0.011911746683929648,350,0.75,30,30
short_notes,random_control_02,classifier.1,classical,0,0.5053763440983468,-0.006395042511096072,1209,0.8333333134651184,30,30
short_notes,random_control_02,classifier.1,country,1,0.18804159445407279,-0.01878965879746905,2308,0.8333333134651184,30,30
short_notes,random_control_02,classifier.1,jazz,2,0.08571428571428572,-0.030399231970697254,1540,0.8333333134651184,30,30
short_notes,random_control_02,classifier.1,pop,3,0.6853796446843371,0.0074829701721662225,2476,0.8333333134651184,30,30
short_notes,random_control_02,classifier.1,rock,4,0.644119907854888,0.007087658846652068,2602,0.8333333134651184,30,30
short_notes,random_control_02,classifier.1,traditional,5,0.3171428578240531,-0.016564094509397234,350,0.8333333134651184,30,30
short_notes,random_control_03,classifier.1,classical,0,0.284532671703397,-0.008703456578408025,1209,0.9166666865348816,30,30
short_notes,random_control_03,classifier.1,country,1,0.6208838821490468,0.004700185662455069,2308,0.9166666865348816,30,30
short_notes,random_control_03,classifier.1,jazz,2,0.10519480519480519,-0.029598287947766193,1540,0.9166666865348816,30,30
short_notes,random_control_03,classifier.1,pop,3,0.2827140549273021,-0.01103606713357982,2476,0.9166666865348816,30,30
short_notes,random_control_03,classifier.1,rock,4,0.8647194465795542,0.01874527723373105,2602,0.9166666865348816,30,30
short_notes,random_control_03,classifier.1,traditional,5,0.32571428622518267,-0.009437019228935242,350,0.9166666865348816,30,30
short_notes,random_control_04,classifier.1,classical,0,0.21422663358763488,-0.016857645322620327,1209,0.5833333134651184,30,30
short_notes,random_control_04,classifier.1,country,1,0.3275563258232236,-0.007025983591121742,2308,0.5833333134651184,30,30
short_notes,random_control_04,classifier.1,jazz,2,0.08636363636363636,-0.031077338919624106,1540,0.5833333134651184,30,30
short_notes,random_control_04,classifier.1,pop,3,0.7419224556697975,0.011934130320172029,2476,0.5833333134651184,30,30
short_notes,random_control_04,classifier.1,rock,4,0.8278247502837889,0.018366048181591287,2602,0.5833333134651184,30,30
short_notes,random_control_04,classifier.1,traditional,5,0.38285714311259134,-0.009923195860215596,350,0.5833333134651184,30,30
short_notes,random_control_05,classifier.1,classical,0,0.19768403640603902,-0.016119048212761965,1209,0.6666666865348816,30,30
short_notes,random_control_05,classifier.1,country,1,0.30025996533795496,-0.00997115835544219,2308,0.6666666865348816,30,30
short_notes,random_control_05,classifier.1,jazz,2,0.38766233766233765,-0.005407777786641926,1540,0.6666666865348816,30,30
short_notes,random_control_05,classifier.1,pop,3,0.37600969314960364,-0.005938993544793223,2476,0.6666666865348816,30,30
short_notes,random_control_05,classifier.1,rock,4,0.6395080708064637,0.008450524599526183,2602,0.6666666865348816,30,30
short_notes,random_control_05,classifier.1,traditional,5,0.38000000136239187,-0.006372448816629393,350,0.6666666865348816,30,30
short_notes,random_control_06,classifier.1,classical,0,0.41935483873432783,-0.005799229626179457,1209,0.9166666865348816,30,30
short_notes,random_control_06,classifier.1,country,1,0.14601386481802425,-0.01916482093287196,2308,0.9166666865348816,30,30
short_notes,random_control_06,classifier.1,jazz,2,0.20064935064935066,-0.017726007084567827,1540,0.9166666865348816,30,30
short_notes,random_control_06,classifier.1,pop,3,0.6017770598701205,0.0037875337272683858,2476,0.9166666865348816,30,30
short_notes,random_control_06,classifier.1,rock,4,0.8189853959409756,0.01976447143763029,2602,0.9166666865348816,30,30
short_notes,random_control_06,classifier.1,traditional,5,0.14571428596973418,-0.030951957723924093,350,0.9166666865348816,30,30
short_notes,random_control_07,classifier.1,classical,0,0.2679900744540125,-0.01322588652782173,1209,0.8333333134651184,30,30
short_notes,random_control_07,classifier.1,country,1,0.17764298093587522,-0.019322007042283203,2308,0.8333333134651184,30,30
short_notes,random_control_07,classifier.1,jazz,2,0.2961038961038961,-0.01643409827578958,1540,0.8333333134651184,30,30
short_notes,random_control_07,classifier.1,pop,3,0.5432148626817448,0.0002982412071474294,2476,0.8333333134651184,30,30
short_notes,random_control_07,classifier.1,rock,4,0.6625672559798634,0.00896166428802091,2602,0.8333333134651184,30,30
short_notes,random_control_07,classifier.1,traditional,5,0.4571428576537541,-0.00557146963330784,350,0.8333333134651184,30,30
short_notes,random_control_08,classifier.1,classical,0,0.28205128206360724,-0.01365805456277701,1209,0.6666666865348816,30,30
short_notes,random_control_08,classifier.1,country,1,0.4562391681109185,-0.001776880097811141,2308,0.6666666865348816,30,30
short_notes,random_control_08,classifier.1,jazz,2,0.09675324675324676,-0.026785794877773755,1540,0.6666666865348816,30,30
short_notes,random_control_08,classifier.1,pop,3,0.6579159936342563,0.005604227765964311,2476,0.6666666865348816,30,30
short_notes,random_control_08,classifier.1,rock,4,0.644119907854888,0.004910901256856279,2602,0.6666666865348816,30,30
short_notes,random_control_08,classifier.1,traditional,5,0.16285714285714287,-0.03170454180666379,350,0.6666666865348816,30,30
short_notes,random_control_09,classifier.1,classical,0,0.4077750206905717,-0.005363015808485528,1209,0.75,30,30
short_notes,random_control_09,classifier.1,country,1,0.3882149046793761,-0.003193232168700139,2308,0.75,30,30
short_notes,random_control_09,classifier.1,jazz,2,0.07207792207792207,-0.029036804133808457,1540,0.75,30,30
short_notes,random_control_09,classifier.1,pop,3,0.5630048466229477,0.001916434254850109,2476,0.75,30,30
short_notes,random_control_09,classifier.1,rock,4,0.789777094588474,0.01584691867779233,2602,0.75,30,30
short_notes,random_control_09,classifier.1,traditional,5,0.46285714285714286,0.0010873632824846676,350,0.75,30,30
strong_velocity,random_control_00,classifier.1,classical,0,0.6732837056896724,0.01060987072569265,1209,0.6666666865348816,30,30
strong_velocity,random_control_00,classifier.1,country,1,0.4103119584055459,-0.00444930858435545,2308,0.6666666865348816,30,30
strong_velocity,random_control_00,classifier.1,jazz,2,0.34545454545454546,-0.013414121080528606,1540,0.6666666865348816,30,30
strong_velocity,random_control_00,classifier.1,pop,3,0.4462843295638126,-0.0027346392301315975,2476,0.6666666865348816,30,30
strong_velocity,random_control_00,classifier.1,rock,4,0.7198308993540389,0.009664995884658807,2602,0.6666666865348816,30,30
strong_velocity,random_control_00,classifier.1,traditional,5,0.5828571428571429,0.007216588593354183,350,0.6666666865348816,30,30
strong_velocity,random_control_01,classifier.1,classical,0,0.45492142286056125,0.0030734179983635005,1209,0.75,30,30
strong_velocity,random_control_01,classifier.1,country,1,0.5,0.0015568953875833202,2308,0.75,30,30
strong_velocity,random_control_01,classifier.1,jazz,2,0.5824675324675325,0.005517715977069426,1540,0.75,30,30
strong_velocity,random_control_01,classifier.1,pop,3,0.4083198708074351,-0.0023735102039636963,2476,0.75,30,30
strong_velocity,random_control_01,classifier.1,rock,4,0.6637202151732478,0.0070257884730154695,2602,0.75,30,30
strong_velocity,random_control_01,classifier.1,traditional,5,0.7885714302744185,0.026394737107413156,350,0.75,30,30
strong_velocity,random_control_02,classifier.1,classical,0,0.33995037240563986,-0.003789679003637546,1209,0.75,30,30
strong_velocity,random_control_02,classifier.1,country,1,0.5576256499133448,0.004610925596901434,2308,0.75,30,30
strong_velocity,random_control_02,classifier.1,jazz,2,0.3116883116883117,-0.008244713642573976,1540,0.75,30,30
strong_velocity,random_control_02,classifier.1,pop,3,0.49192245562165154,-0.0008049060270658157,2476,0.75,30,30
strong_velocity,random_control_02,classifier.1,rock,4,0.8697156033820138,0.01772302665320339,2602,0.75,30,30
strong_velocity,random_control_02,classifier.1,traditional,5,0.6885714306150164,0.013996213174292019,350,0.75,30,30
strong_velocity,random_control_03,classifier.1,classical,0,0.6468155501153077,0.009509712137972106,1209,0.9166666865348816,30,30
strong_velocity,random_control_03,classifier.1,country,1,0.4917677642980936,0.001455717899859197,2308,0.9166666865348816,30,30
strong_velocity,random_control_03,classifier.1,jazz,2,0.3077922077922078,-0.011131115838304742,1540,0.9166666865348816,30,30
strong_velocity,random_control_03,classifier.1,pop,3,0.8210823911457339,0.013263115964781776,2476,0.9166666865348816,30,30
strong_velocity,random_control_03,classifier.1,rock,4,0.6395080708064637,0.0040070504103311205,2602,0.9166666865348816,30,30
strong_velocity,random_control_03,classifier.1,traditional,5,0.3142857147966112,-0.011588735128087656,350,0.9166666865348816,30,30
strong_velocity,random_control_04,classifier.1,classical,0,0.27212572374478955,-0.007947129864519889,1209,0.6666666865348816,30,30
strong_velocity,random_control_04,classifier.1,country,1,0.5424610051993067,0.0056643500630348355,2308,0.6666666865348816,30,30
strong_velocity,random_control_04,classifier.1,jazz,2,0.36558441558441557,-0.006394501845654729,1540,0.6666666865348816,30,30
strong_velocity,random_control_04,classifier.1,pop,3,0.7806946689169704,0.011189095047039245,2476,0.6666666865348816,30,30
strong_velocity,random_control_04,classifier.1,rock,4,0.640276710177091,0.0038397467096009043,2602,0.6666666865348816,30,30
strong_velocity,random_control_04,classifier.1,traditional,5,0.3428571433680398,-0.010942895172962121,350,0.6666666865348816,30,30
strong_velocity,random_control_05,classifier.1,classical,0,0.3432588917199396,-0.0044230280306908195,1209,0.6666666865348816,30,30
strong_velocity,random_control_05,classifier.1,country,1,0.41117850953206236,-0.004994120361264053,2308,0.6666666865348816,30,30
strong_velocity,random_control_05,classifier.1,jazz,2,0.42467532467532465,-0.002045659109490452,1540,0.6666666865348816,30,30
strong_velocity,random_control_05,classifier.1,pop,3,0.35137318264879586,-0.006573514154508879,2476,0.6666666865348816,30,30
strong_velocity,random_control_05,classifier.1,rock,4,0.8182167563870905,0.01677581436465352,2602,0.6666666865348816,30,30
strong_velocity,random_control_05,classifier.1,traditional,5,0.7942857149669103,0.026251437248928207,350,0.6666666865348816,30,30
strong_velocity,random_control_06,classifier.1,classical,0,0.570719603076269,0.006221195531129295,1209,0.8333333134651184,30,30
strong_velocity,random_control_06,classifier.1,country,1,0.4545060658578856,-0.00021736234978512832,2308,0.8333333134651184,30,30
strong_velocity,random_control_06,classifier.1,jazz,2,0.3461038961038961,-0.007143795074798264,1540,0.8333333134651184,30,30
strong_velocity,random_control_06,classifier.1,pop,3,0.7394991922455574,0.009161291970466662,2476,0.8333333134651184,30,30
strong_velocity,random_control_06,classifier.1,rock,4,0.6521906225521871,0.009301185487647133,2602,0.8333333134651184,30,30
strong_velocity,random_control_06,classifier.1,traditional,5,0.42857142925262454,0.0003538653573819569,350,0.8333333134651184,30,30
strong_velocity,random_control_07,classifier.1,classical,0,0.5425971879063805,0.007457650759402967,1209,0.8333333134651184,30,30
strong_velocity,random_control_07,classifier.1,country,1,0.4666377816291161,-0.0011053316969427715,2308,0.8333333134651184,30,30
strong_velocity,random_control_07,classifier.1,jazz,2,0.4038961038961039,-0.0046861018465420646,1540,0.8333333134651184,30,30
strong_velocity,random_control_07,classifier.1,pop,3,0.5876413570274637,0.00436530829338065,2476,0.8333333134651184,30,30
strong_velocity,random_control_07,classifier.1,rock,4,0.6249039201073057,0.006404092339591211,2602,0.8333333134651184,30,30
strong_velocity,random_control_07,classifier.1,traditional,5,0.5628571428571428,0.0029332577540273114,350,0.8333333134651184,30,30
strong_velocity,random_control_08,classifier.1,classical,0,0.6732837055664205,0.011976660773114935,1209,1.0,30,30
strong_velocity,random_control_08,classifier.1,country,1,0.5277296360485269,0.004393688118185338,2308,1.0,30,30
strong_velocity,random_control_08,classifier.1,jazz,2,0.2863636363636364,-0.011633776876373918,1540,1.0,30,30
strong_velocity,random_control_08,classifier.1,pop,3,0.5799676900148777,0.0045514581585829545,2476,1.0,30,30
strong_velocity,random_control_08,classifier.1,rock,4,0.7532667178634861,0.01240047710309869,2602,1.0,30,30
strong_velocity,random_control_08,classifier.1,traditional,5,0.517142858505249,0.0025718354486993383,350,1.0,30,30
strong_velocity,random_control_09,classifier.1,classical,0,0.9081885856079405,0.022669300433892273,1209,1.0,30,30
strong_velocity,random_control_09,classifier.1,country,1,0.5125649913344887,0.0034561452061983803,2308,1.0,30,30
strong_velocity,random_control_09,classifier.1,jazz,2,0.4798701298701299,0.001469716029513821,1540,1.0,30,30
strong_velocity,random_control_09,classifier.1,pop,3,0.4273021002096968,-0.0025276319712087486,2476,1.0,30,30
strong_velocity,random_control_09,classifier.1,rock,4,0.5407378939506551,0.0033366788841918582,2602,1.0,30,30
strong_velocity,random_control_09,classifier.1,traditional,5,0.6657142863954817,0.013503210704241481,350,1.0,30,30
wide_pitch_range,random_control_00,classifier.1,classical,0,0.31761786602961317,-0.006854916907919338,1209,0.5,30,30
wide_pitch_range,random_control_00,classifier.1,country,1,0.6572790294627383,0.00517278096410228,2308,0.5,30,30
wide_pitch_range,random_control_00,classifier.1,jazz,2,0.44285714285714284,-0.0017714522909010192,1540,0.5,30,30
wide_pitch_range,random_control_00,classifier.1,pop,3,0.7588852989654357,0.010939334244625298,2476,0.5,30,30
wide_pitch_range,random_control_00,classifier.1,rock,4,0.48693312840861236,-0.0006798966419092056,2602,0.5,30,30
wide_pitch_range,random_control_00,classifier.1,traditional,5,0.5028571435383388,0.002908515004216627,350,0.5,30,30
wide_pitch_range,random_control_01,classifier.1,classical,0,0.15136476427415269,-0.018079941415954367,1209,0.5,30,30
wide_pitch_range,random_control_01,classifier.1,country,1,0.8032928942807626,0.013380220933031272,2308,0.5,30,30
wide_pitch_range,random_control_01,classifier.1,jazz,2,0.2564935064935065,-0.010018537518894905,1540,0.5,30,30
wide_pitch_range,random_control_01,classifier.1,pop,3,0.4648626817447496,-0.0008925353922589302,2476,0.5,30,30
wide_pitch_range,random_control_01,classifier.1,rock,4,0.6952344351415906,0.008844629677082716,2602,0.5,30,30
wide_pitch_range,random_control_01,classifier.1,traditional,5,0.7314285741533552,0.017551335181508747,350,0.5,30,30
wide_pitch_range,random_control_02,classifier.1,classical,0,0.14805624485508878,-0.017001337094449672,1209,0.8333333134651184,30,30
wide_pitch_range,random_control_02,classifier.1,country,1,0.8587521663778163,0.018733949605472373,2308,0.8333333134651184,30,30
wide_pitch_range,random_control_02,classifier.1,jazz,2,0.2532467532467532,-0.011872808276010411,1540,0.8333333134651184,30,30
wide_pitch_range,random_control_02,classifier.1,pop,3,0.6970920841990457,0.007122034425147612,2476,0.8333333134651184,30,30
wide_pitch_range,random_control_02,classifier.1,rock,4,0.6225980015830935,0.005968056350723081,2602,0.8333333134651184,30,30
wide_pitch_range,random_control_02,classifier.1,traditional,5,0.5428571438789368,0.003772147908540709,350,0.8333333134651184,30,30
wide_pitch_range,random_control_03,classifier.1,classical,0,0.26220016543829705,-0.01036301056636425,1209,0.5833333134651184,30,30
wide_pitch_range,random_control_03,classifier.1,country,1,0.699740034662045,0.009039085774813202,2308,0.5833333134651184,30,30
wide_pitch_range,random_control_03,classifier.1,jazz,2,0.17077922077922078,-0.020157260975086844,1540,0.5833333134651184,30,30
wide_pitch_range,random_control_03,classifier.1,pop,3,0.818659127625202,0.014883156886899028,2476,0.5833333134651184,30,30
wide_pitch_range,random_control_03,classifier.1,rock,4,0.5503458877328173,0.0014828815981087137,2602,0.5833333134651184,30,30
wide_pitch_range,random_control_03,classifier.1,traditional,5,0.6342857149669102,0.006730947936219828,350,0.5833333134651184,30,30
wide_pitch_range,random_control_04,classifier.1,classical,0,0.08602150537634409,-0.02316076129927578,1209,0.5,30,30
wide_pitch_range,random_control_04,classifier.1,country,1,0.7837954939341422,0.015995215033818573,2308,0.5,30,30
wide_pitch_range,random_control_04,classifier.1,jazz,2,0.38506493506493505,-0.005020389866609997,1540,0.5,30,30
wide_pitch_range,random_control_04,classifier.1,pop,3,0.9313408724710899,0.02340225306353103,2476,0.5,30,30
wide_pitch_range,random_control_04,classifier.1,rock,4,0.2705611068867061,-0.00989121228755723,2602,0.5,30,30
wide_pitch_range,random_control_04,classifier.1,traditional,5,0.2514285721097674,-0.02323499172925949,350,0.5,30,30
wide_pitch_range,random_control_05,classifier.1,classical,0,0.21753515302518658,-0.012249858828062751,1209,0.5,30,30
wide_pitch_range,random_control_05,classifier.1,country,1,0.7192374350086655,0.009670263760161476,2308,0.5,30,30
wide_pitch_range,random_control_05,classifier.1,jazz,2,0.17597402597402598,-0.01615937113423239,1540,0.5,30,30
wide_pitch_range,random_control_05,classifier.1,pop,3,0.4636510502733591,-0.0020749652387742827,2476,0.5,30,30
wide_pitch_range,random_control_05,classifier.1,rock,4,0.7282859339428168,0.011299888647235157,2602,0.5,30,30
wide_pitch_range,random_control_05,classifier.1,traditional,5,0.8257142874172756,0.023512486900602068,350,0.5,30,30
wide_pitch_range,random_control_06,classifier.1,classical,0,0.4317617866251467,-0.00194927140287716,1209,0.5833333134651184,30,30
wide_pitch_range,random_control_06,classifier.1,country,1,0.25433275563258234,-0.011514859818780804,2308,0.5833333134651184,30,30
wide_pitch_range,random_control_06,classifier.1,jazz,2,0.3220779220779221,-0.0076573701889871,1540,0.5833333134651184,30,30
wide_pitch_range,random_control_06,classifier.1,pop,3,0.7176898223903144,0.008595789450195186,2476,0.5833333134651184,30,30
wide_pitch_range,random_control_06,classifier.1,rock,4,0.43581860108754894,-0.0017846716765806845,2602,0.5833333134651184,30,30
wide_pitch_range,random_control_06,classifier.1,traditional,5,0.4514285714285714,-0.005700265054724046,350,0.5833333134651184,30,30
wide_pitch_range,random_control_07,classifier.1,classical,0,0.11166253102969492,-0.02123503550052076,1209,0.5833333134651184,30,30
wide_pitch_range,random_control_07,classifier.1,country,1,0.5788561525129983,0.0002826459627546874,2308,0.5833333134651184,30,30
wide_pitch_range,random_control_07,classifier.1,jazz,2,0.6012987012987013,0.004958835880002974,1540,0.5833333134651184,30,30
wide_pitch_range,random_control_07,classifier.1,pop,3,0.7701938610662359,0.012033052953119617,2476,0.5833333134651184,30,30
wide_pitch_range,random_control_07,classifier.1,rock,4,0.24135280553993127,-0.01055319261644823,2602,0.5833333134651184,30,30
wide_pitch_range,random_control_07,classifier.1,traditional,5,0.3657142860548837,-0.01265604487487248,350,0.5833333134651184,30,30
wide_pitch_range,random_control_08,classifier.1,classical,0,0.5235732011897589,-0.0017037322891859154,1209,0.6666666865348816,30,30
wide_pitch_range,random_control_08,classifier.1,country,1,0.7136048526863085,0.009263966636461056,2308,0.6666666865348816,30,30
wide_pitch_range,random_control_08,classifier.1,jazz,2,0.048051948051948054,-0.030914094986079575,1540,0.6666666865348816,30,30
wide_pitch_range,random_control_08,classifier.1,pop,3,0.6106623586429726,0.002040630481047902,2476,0.6666666865348816,30,30
wide_pitch_range,random_control_08,classifier.1,rock,4,0.8109146810604186,0.01681079975630713,2602,0.6666666865348816,30,30
wide_pitch_range,random_control_08,classifier.1,traditional,5,0.3457142860548837,-0.012876706506524766,350,0.6666666865348816,30,30
wide_pitch_range,random_control_09,classifier.1,classical,0,0.6277915633000847,0.005102705956603084,1209,0.6666666865348816,30,30
wide_pitch_range,random_control_09,classifier.1,country,1,0.4150779896013865,-0.005123731909816894,2308,0.6666666865348816,30,30
wide_pitch_range,random_control_09,classifier.1,jazz,2,0.12727272727272726,-0.020421572029590607,1540,0.6666666865348816,30,30
wide_pitch_range,random_control_09,classifier.1,pop,3,0.5941033927612428,0.0026450432597784406,2476,0.6666666865348816,30,30
wide_pitch_range,random_control_09,classifier.1,rock,4,0.6710222905915485,0.00721185362441816,2602,0.6666666865348816,30,30
wide_pitch_range,random_control_09,classifier.1,traditional,5,0.5857142867360796,0.0016659618435161455,350,0.6666666865348816,30,30
high_note_density,random_control_00,classifier.2,classical,0,0.0,-0.054725248366594315,1209,0.8333333134651184,30,30
high_note_density,random_control_00,classifier.2,country,1,0.0,-0.0066731940023601055,2308,0.8333333134651184,30,30
high_note_density,random_control_00,classifier.2,jazz,2,0.0,-0.17092406749725342,1540,0.8333333134651184,30,30
high_note_density,random_control_00,classifier.2,pop,3,1.0,0.07772689312696457,2476,0.8333333134651184,30,30
high_note_density,random_control_00,classifier.2,rock,4,0.0,-0.07191164791584015,2602,0.8333333134651184,30,30
high_note_density,random_control_00,classifier.2,traditional,5,0.0,-0.028687283396720886,350,0.8333333134651184,30,30
high_note_density,random_control_01,classifier.2,classical,0,0.0,-0.12727853655815125,1209,0.75,30,30
high_note_density,random_control_01,classifier.2,country,1,0.0,-0.07346838712692261,2308,0.75,30,30
high_note_density,random_control_01,classifier.2,jazz,2,0.0,-0.11678868532180786,1540,0.75,30,30
high_note_density,random_control_01,classifier.2,pop,3,0.0,-0.04073259234428406,2476,0.75,30,30
high_note_density,random_control_01,classifier.2,rock,4,0.0,-0.11759750547888277,2602,0.75,30,30
high_note_density,random_control_01,classifier.2,traditional,5,1.0,0.10885250598192214,350,0.75,30,30
high_note_density,random_control_02,classifier.2,classical,0,0.0,-0.1151093692142082,1209,0.9166666865348816,30,30
high_note_density,random_control_02,classifier.2,country,1,1.0,0.028008250519633293,2308,0.9166666865348816,30,30
high_note_density,random_control_02,classifier.2,jazz,2,0.0,-0.17806793749332428,1540,0.9166666865348816,30,30
high_note_density,random_control_02,classifier.2,pop,3,1.0,0.06450505554676056,2476,0.9166666865348816,30,30
high_note_density,random_control_02,classifier.2,rock,4,0.0,-0.09186547994613647,2602,0.9166666865348816,30,30
high_note_density,random_control_02,classifier.2,traditional,5,1.0,0.005464159436523914,350,0.9166666865348816,30,30
high_note_density,random_control_03,classifier.2,classical,0,0.0,-0.13185349106788635,1209,0.8333333134651184,30,30
high_note_density,random_control_03,classifier.2,country,1,1.0,0.12029203027486801,2308,0.8333333134651184,30,30
high_note_density,random_control_03,classifier.2,jazz,2,0.0,-0.13659395277500153,1540,0.8333333134651184,30,30
high_note_density,random_control_03,classifier.2,pop,3,1.0,0.018181558698415756,2476,0.8333333134651184,30,30
high_note_density,random_control_03,classifier.2,rock,4,0.0,-0.14845776557922363,2602,0.8333333134651184,30,30
high_note_density,random_control_03,classifier.2,traditional,5,0.0,-0.05504256501793861,350,0.8333333134651184,30,30
high_note_density,random_control_04,classifier.2,classical,0,0.0,-0.18732282519340515,1209,0.9166666865348816,30,30
high_note_density,random_control_04,classifier.2,country,1,0.0,-0.037079013884067535,2308,0.9166666865348816,30,30
high_note_density,random_control_04,classifier.2,jazz,2,0.0,-0.16532273590564728,1540,0.9166666865348816,30,30
high_note_density,random_control_04,classifier.2,pop,3,1.0,0.07513365149497986,2476,0.9166666865348816,30,30
high_note_density,random_control_04,classifier.2,rock,4,0.0,-0.10362021627905367,2602,0.9166666865348816,30,30
high_note_density,random_control_04,classifier.2,traditional,5,1.0,0.007886056825518607,350,0.9166666865348816,30,30
high_note_density,random_control_05,classifier.2,classical,0,0.0,-0.22526748478412628,1209,0.75,30,30
high_note_density,random_control_05,classifier.2,country,1,0.0,-0.06507323682308197,2308,0.75,30,30
high_note_density,random_control_05,classifier.2,jazz,2,0.0,-0.14380118250846863,1540,0.75,30,30
high_note_density,random_control_05,classifier.2,pop,3,0.0,-0.07078112661838531,2476,0.75,30,30
high_note_density,random_control_05,classifier.2,rock,4,0.0,-0.09135435524466036,2602,0.75,30,30
high_note_density,random_control_05,classifier.2,traditional,5,0.0,-0.0574277862906456,350,0.75,30,30
high_note_density,random_control_06,classifier.2,classical,0,0.0,-0.20363728713161006,1209,0.75,30,30
high_note_density,random_control_06,classifier.2,country,1,1.0,0.09545300155878067,2308,0.75,30,30
high_note_density,random_control_06,classifier.2,jazz,2,0.0,-0.20828397572040558,1540,0.75,30,30
high_note_density,random_control_06,classifier.2,pop,3,1.0,0.09838487952947617,2476,0.75,30,30
high_note_density,random_control_06,classifier.2,rock,4,1.0,0.06759915500879288,2602,0.75,30,30
high_note_density,random_control_06,classifier.2,traditional,5,0.0,-0.1059909838438034,350,0.75,30,30
high_note_density,random_control_07,classifier.2,classical,0,0.0,-0.29213428497314453,1209,0.9166666865348816,30,30
high_note_density,random_control_07,classifier.2,country,1,0.0,-0.0025964519008994102,2308,0.9166666865348816,30,30
high_note_density,random_control_07,classifier.2,jazz,2,0.0,-0.19273075461387634,1540,0.9166666865348816,30,30
high_note_density,random_control_07,classifier.2,pop,3,1.0,0.08219200372695923,2476,0.9166666865348816,30,30
high_note_density,random_control_07,classifier.2,rock,4,0.0,-0.16211070120334625,2602,0.9166666865348816,30,30
high_note_density,random_control_07,classifier.2,traditional,5,0.0,-0.15205605328083038,350,0.9166666865348816,30,30
high_note_density,random_control_08,classifier.2,classical,0,1.0,0.11181890964508057,1209,0.9166666865348816,30,30
high_note_density,random_control_08,classifier.2,country,1,1.0,0.049265120178461075,2308,0.9166666865348816,30,30
high_note_density,random_control_08,classifier.2,jazz,2,0.0,-0.07099642604589462,1540,0.9166666865348816,30,30
high_note_density,random_control_08,classifier.2,pop,3,1.0,0.0713183581829071,2476,0.9166666865348816,30,30
high_note_density,random_control_08,classifier.2,rock,4,1.0,0.056991107761859894,2602,0.9166666865348816,30,30
high_note_density,random_control_08,classifier.2,traditional,5,1.0,0.004495992790907621,350,0.9166666865348816,30,30
high_note_density,random_control_09,classifier.2,classical,0,0.0,-0.20536242425441742,1209,0.8333333134651184,30,30
high_note_density,random_control_09,classifier.2,country,1,0.0,-0.04501068592071533,2308,0.8333333134651184,30,30
high_note_density,random_control_09,classifier.2,jazz,2,0.0,-0.2097124606370926,1540,0.8333333134651184,30,30
high_note_density,random_control_09,classifier.2,pop,3,1.0,0.005170152988284826,2476,0.8333333134651184,30,30
high_note_density,random_control_09,classifier.2,rock,4,0.0,-0.15985754132270813,2602,0.8333333134651184,30,30
high_note_density,random_control_09,classifier.2,traditional,5,0.0,-0.014151236042380333,350,0.8333333134651184,30,30
high_pitch_register,random_control_00,classifier.2,classical,0,1.0,0.16365854453212275,1209,0.8333333134651184,30,30
high_pitch_register,random_control_00,classifier.2,country,1,0.0,-0.08965209126472473,2308,0.8333333134651184,30,30
high_pitch_register,random_control_00,classifier.2,jazz,2,0.0,-0.07355383783578873,1540,0.8333333134651184,30,30
high_pitch_register,random_control_00,classifier.2,pop,3,0.0,-0.036440584826642745,2476,0.8333333134651184,30,30
high_pitch_register,random_control_00,classifier.2,rock,4,1.0,0.09365800768136978,2602,0.8333333134651184,30,30
high_pitch_register,random_control_00,classifier.2,traditional,5,1.0,0.2736641764640808,350,0.8333333134651184,30,30
high_pitch_register,random_control_01,classifier.2,classical,0,1.0,0.19319802533751979,1209,0.9166666865348816,30,30
high_pitch_register,random_control_01,classifier.2,country,1,0.0,-0.28067445755004883,2308,0.9166666865348816,30,30
high_pitch_register,random_control_01,classifier.2,jazz,2,0.0,-0.08840455114841461,1540,0.9166666865348816,30,30
high_pitch_register,random_control_01,classifier.2,pop,3,0.0,-0.1955646127462387,2476,0.9166666865348816,30,30
high_pitch_register,random_control_01,classifier.2,rock,4,0.0,-0.048275504261255264,2602,0.9166666865348816,30,30
high_pitch_register,random_control_01,classifier.2,traditional,5,1.0,0.3213772773742676,350,0.9166666865348816,30,30
high_pitch_register,random_control_02,classifier.2,classical,0,1.0,0.028792630894936937,1209,0.8333333134651184,30,30
high_pitch_register,random_control_02,classifier.2,country,1,1.0,0.00974263995885849,2308,0.8333333134651184,30,30
high_pitch_register,random_control_02,classifier.2,jazz,2,0.0,-0.10042747110128403,1540,0.8333333134651184,30,30
high_pitch_register,random_control_02,classifier.2,pop,3,0.0,-0.04865184426307678,2476,0.8333333134651184,30,30
high_pitch_register,random_control_02,classifier.2,rock,4,1.0,0.02634419873356819,2602,0.8333333134651184,30,30
high_pitch_register,random_control_02,classifier.2,traditional,5,1.0,0.1349014937877655,350,0.8333333134651184,30,30
high_pitch_register,random_control_03,classifier.2,classical,0,1.0,0.1678415685892105,1209,0.8333333134651184,30,30
high_pitch_register,random_control_03,classifier.2,country,1,0.0,-0.025826307013630867,2308,0.8333333134651184,30,30
high_pitch_register,random_control_03,classifier.2,jazz,2,0.0,-0.05370474234223366,1540,0.8333333134651184,30,30
high_pitch_register,random_control_03,classifier.2,pop,3,0.0,-0.1646549552679062,2476,0.8333333134651184,30,30
high_pitch_register,random_control_03,classifier.2,rock,4,0.0,-0.002790810075552016,2602,0.8333333134651184,30,30
high_pitch_register,random_control_03,classifier.2,traditional,5,1.0,0.14252090454101562,350,0.8333333134651184,30,30
high_pitch_register,random_control_04,classifier.2,classical,0,1.0,0.011583733379323193,1209,0.8333333134651184,30,30
high_pitch_register,random_control_04,classifier.2,country,1,0.0,-0.10512208938598633,2308,0.8333333134651184,30,30
high_pitch_register,random_control_04,classifier.2,jazz,2,0.0,-0.07617837190628052,1540,0.8333333134651184,30,30
high_pitch_register,random_control_04,classifier.2,pop,3,0.0,-0.13345198333263397,2476,0.8333333134651184,30,30
high_pitch_register,random_control_04,classifier.2,rock,4,0.0,-0.048973869532346725,2602,0.8333333134651184,30,30
high_pitch_register,random_control_04,classifier.2,traditional,5,0.0,-0.03302032873034477,350,0.8333333134651184,30,30
high_pitch_register,random_control_05,classifier.2,classical,0,1.0,0.08495648210826642,1209,0.9166666865348816,30,30
high_pitch_register,random_control_05,classifier.2,country,1,0.0,-0.1624975949525833,2308,0.9166666865348816,30,30
high_pitch_register,random_control_05,classifier.2,jazz,2,1.0,0.008726515807211399,1540,0.9166666865348816,30,30
high_pitch_register,random_control_05,classifier.2,pop,3,0.0,-0.23599621653556824,2476,0.9166666865348816,30,30
high_pitch_register,random_control_05,classifier.2,rock,4,0.0,-0.025959815837150808,2602,0.9166666865348816,30,30
high_pitch_register,random_control_05,classifier.2,traditional,5,1.0,0.22162857711315154,350,0.9166666865348816,30,30
high_pitch_register,random_control_06,classifier.2,classical,0,1.0,0.059896115241364276,1209,0.75,30,30
high_pitch_register,random_control_06,classifier.2,country,1,0.0,-0.1400565207004547,2308,0.75,30,30
high_pitch_register,random_control_06,classifier.2,jazz,2,0.0,-0.18463817238807678,1540,0.75,30,30
high_pitch_register,random_control_06,classifier.2,pop,3,0.0,-0.16970495879650116,2476,0.75,30,30
high_pitch_register,random_control_06,classifier.2,rock,4,1.0,0.026732517406344414,2602,0.75,30,30
high_pitch_register,random_control_06,classifier.2,traditional,5,1.0,0.019867224618792534,350,0.75,30,30
high_pitch_register,random_control_07,classifier.2,classical,0,1.0,0.03618712726028327,1209,0.5833333134651184,30,30
high_pitch_register,random_control_07,classifier.2,country,1,1.0,0.041601333767175674,2308,0.5833333134651184,30,30
high_pitch_register,random_control_07,classifier.2,jazz,2,1.0,0.016847699880599976,1540,0.5833333134651184,30,30
high_pitch_register,random_control_07,classifier.2,pop,3,0.0,-0.03255404531955719,2476,0.5833333134651184,30,30
high_pitch_register,random_control_07,classifier.2,rock,4,0.0,-0.027051424607634544,2602,0.5833333134651184,30,30
high_pitch_register,random_control_07,classifier.2,traditional,5,0.0,-0.013272975608706473,350,0.5833333134651184,30,30
high_pitch_register,random_control_08,classifier.2,classical,0,1.0,0.2802095115184784,1209,0.8333333134651184,30,30
high_pitch_register,random_control_08,classifier.2,country,1,0.0,-0.09218060970306396,2308,0.8333333134651184,30,30
high_pitch_register,random_control_08,classifier.2,jazz,2,1.0,0.0213311780244112,1540,0.8333333134651184,30,30
high_pitch_register,random_control_08,classifier.2,pop,3,0.0,-0.21684494621823022,2476,0.8333333134651184,30,30
high_pitch_register,random_control_08,classifier.2,rock,4,1.0,0.05835346879006623,2602,0.8333333134651184,30,30
high_pitch_register,random_control_08,classifier.2,traditional,5,1.0,0.11797817826271056,350,0.8333333134651184,30,30
high_pitch_register,random_control_09,classifier.2,classical,0,1.0,0.14671114087104797,1209,1.0,30,30
high_pitch_register,random_control_09,classifier.2,country,1,0.0,-0.15185491740703583,2308,1.0,30,30
high_pitch_register,random_control_09,classifier.2,jazz,2,0.0,-0.13055187463760376,1540,1.0,30,30
high_pitch_register,random_control_09,classifier.2,pop,3,0.0,-0.18357104063034058,2476,1.0,30,30
high_pitch_register,random_control_09,classifier.2,rock,4,1.0,0.03898005560040474,2602,1.0,30,30
high_pitch_register,random_control_09,classifier.2,traditional,5,1.0,0.19134816527366638,350,1.0,30,30
high_polyphony,random_control_00,classifier.2,classical,0,1.0,0.169977605342865,1209,0.6666666865348816,30,30
high_polyphony,random_control_00,classifier.2,country,1,1.0,0.009729163721203804,2308,0.6666666865348816,30,30
high_polyphony,random_control_00,classifier.2,jazz,2,1.0,0.06237578019499779,1540,0.6666666865348816,30,30
high_polyphony,random_control_00,classifier.2,pop,3,1.0,0.09981243312358856,2476,0.6666666865348816,30,30
high_polyphony,random_control_00,classifier.2,rock,4,0.0,-0.017991168424487114,2602,0.6666666865348816,30,30
high_polyphony,random_control_00,classifier.2,traditional,5,1.0,0.11252240836620331,350,0.6666666865348816,30,30
high_polyphony,random_control_01,classifier.2,classical,0,1.0,0.06327646970748901,1209,0.75,30,30
high_polyphony,random_control_01,classifier.2,country,1,0.0,-0.1067783385515213,2308,0.75,30,30
high_polyphony,random_control_01,classifier.2,jazz,2,1.0,0.007673683576285839,1540,0.75,30,30
high_polyphony,random_control_01,classifier.2,pop,3,0.0,-0.06334145367145538,2476,0.75,30,30
high_polyphony,random_control_01,classifier.2,rock,4,0.0,-0.1725195199251175,2602,0.75,30,30
high_polyphony,random_control_01,classifier.2,traditional,5,1.0,0.22400623619556426,350,0.75,30,30
high_polyphony,random_control_02,classifier.2,classical,0,1.0,0.013436883687973022,1209,0.6666666865348816,30,30
high_polyphony,random_control_02,classifier.2,country,1,1.0,0.11048754304647446,2308,0.6666666865348816,30,30
high_polyphony,random_control_02,classifier.2,jazz,2,1.0,0.031923506408929825,1540,0.6666666865348816,30,30
high_polyphony,random_control_02,classifier.2,pop,3,0.0,-0.019741376861929893,2476,0.6666666865348816,30,30
high_polyphony,random_control_02,classifier.2,rock,4,0.0,-0.081586554646492,2602,0.6666666865348816,30,30
high_polyphony,random_control_02,classifier.2,traditional,5,0.0,-0.03791637346148491,350,0.6666666865348816,30,30
high_polyphony,random_control_03,classifier.2,classical,0,1.0,0.10058759152889252,1209,0.6666666865348816,30,30
high_polyphony,random_control_03,classifier.2,country,1,1.0,0.26407885551452637,2308,0.6666666865348816,30,30
high_polyphony,random_control_03,classifier.2,jazz,2,1.0,0.15782424807548523,1540,0.6666666865348816,30,30
high_polyphony,random_control_03,classifier.2,pop,3,1.0,0.004880954511463642,2476,0.6666666865348816,30,30
high_polyphony,random_control_03,classifier.2,rock,4,0.0,-0.03778024764300584,2602,0.6666666865348816,30,30
high_polyphony,random_control_03,classifier.2,traditional,5,1.0,0.16560263991355895,350,0.6666666865348816,30,30
high_polyphony,random_control_04,classifier.2,classical,0,1.0,0.00013766794290859252,1209,0.75,30,30
high_polyphony,random_control_04,classifier.2,country,1,1.0,0.15220431983470917,2308,0.75,30,30
high_polyphony,random_control_04,classifier.2,jazz,2,1.0,0.08099342882633209,1540,0.75,30,30
high_polyphony,random_control_04,classifier.2,pop,3,1.0,0.07676380127668381,2476,0.75,30,30
high_polyphony,random_control_04,classifier.2,rock,4,0.0,-0.03176180645823479,2602,0.75,30,30
high_polyphony,random_control_04,classifier.2,traditional,5,1.0,0.08161476999521255,350,0.75,30,30
high_polyphony,random_control_05,classifier.2,classical,0,1.0,0.11118182545486219,1209,0.75,30,30
high_polyphony,random_control_05,classifier.2,country,1,1.0,0.11642001569271088,2308,0.75,30,30
high_polyphony,random_control_05,classifier.2,jazz,2,1.0,0.21869328618049622,1540,0.75,30,30
high_polyphony,random_control_05,classifier.2,pop,3,0.0,-0.016021937131881714,2476,0.75,30,30
high_polyphony,random_control_05,classifier.2,rock,4,0.0,-0.0935352891969919,2602,0.75,30,30
high_polyphony,random_control_05,classifier.2,traditional,5,1.0,0.24490264117717742,350,0.75,30,30
high_polyphony,random_control_06,classifier.2,classical,0,1.0,0.08288773154798276,1209,0.5833333134651184,30,30
high_polyphony,random_control_06,classifier.2,country,1,1.0,0.22911681234836578,2308,0.5833333134651184,30,30
high_polyphony,random_control_06,classifier.2,jazz,2,1.0,0.01625657081604004,1540,0.5833333134651184,30,30
high_polyphony,random_control_06,classifier.2,pop,3,1.0,0.05464314298647093,2476,0.5833333134651184,30,30
high_polyphony,random_control_06,classifier.2,rock,4,1.0,0.08861107379198074,2602,0.5833333134651184,30,30
high_polyphony,random_control_06,classifier.2,traditional,5,1.0,0.05801472067832947,350,0.5833333134651184,30,30
high_polyphony,random_control_07,classifier.2,classical,0,1.0,0.01582139916718006,1209,0.75,30,30
high_polyphony,random_control_07,classifier.2,country,1,1.0,0.06518992781639099,2308,0.75,30,30
high_polyphony,random_control_07,classifier.2,jazz,2,1.0,0.07989462465047836,1540,0.75,30,30
high_polyphony,random_control_07,classifier.2,pop,3,1.0,0.06721413884197568,2476,0.75,30,30
high_polyphony,random_control_07,classifier.2,rock,4,0.0,-0.05476177112699746,2602,0.75,30,30
high_polyphony,random_control_07,classifier.2,traditional,5,0.0,-0.01068203430622816,350,0.75,30,30
high_polyphony,random_control_08,classifier.2,classical,0,1.0,0.2521686851978302,1209,0.6666666865348816,30,30
high_polyphony,random_control_08,classifier.2,country,1,1.0,0.026194622740149498,2308,0.6666666865348816,30,30
high_polyphony,random_control_08,classifier.2,jazz,2,1.0,0.1759108453989029,1540,0.6666666865348816,30,30
high_polyphony,random_control_08,classifier.2,pop,3,0.0,-0.0503532737493515,2476,0.6666666865348816,30,30
high_polyphony,random_control_08,classifier.2,rock,4,0.0,-0.03615092113614082,2602,0.6666666865348816,30,30
high_polyphony,random_control_08,classifier.2,traditional,5,1.0,0.21700714588165282,350,0.6666666865348816,30,30
high_polyphony,random_control_09,classifier.2,classical,0,1.0,0.09449282294097669,1209,0.8333333134651184,30,30
high_polyphony,random_control_09,classifier.2,country,1,1.0,0.08043646812438965,2308,0.8333333134651184,30,30
high_polyphony,random_control_09,classifier.2,jazz,2,1.0,0.061324793845415115,1540,0.8333333134651184,30,30
high_polyphony,random_control_09,classifier.2,pop,3,0.0,-0.0344461538078134,2476,0.8333333134651184,30,30
high_polyphony,random_control_09,classifier.2,rock,4,0.0,-0.040931444615125656,2602,0.8333333134651184,30,30
high_polyphony,random_control_09,classifier.2,traditional,5,1.0,0.06394542038440704,350,0.8333333134651184,30,30
irregular_ioi,random_control_00,classifier.2,classical,0,1.0,0.3120132388902953,1209,0.8333333134651184,30,30
irregular_ioi,random_control_00,classifier.2,country,1,1.0,0.04911942034959793,2308,0.8333333134651184,30,30
irregular_ioi,random_control_00,classifier.2,jazz,2,1.0,0.08103121072053909,1540,0.8333333134651184,30,30
irregular_ioi,random_control_00,classifier.2,pop,3,1.0,0.03759969398379326,2476,0.8333333134651184,30,30
irregular_ioi,random_control_00,classifier.2,rock,4,1.0,0.14294511079788208,2602,0.8333333134651184,30,30
irregular_ioi,random_control_00,classifier.2,traditional,5,1.0,0.3383144736289978,350,0.8333333134651184,30,30
irregular_ioi,random_control_01,classifier.2,classical,0,1.0,0.32022592425346375,1209,0.9166666865348816,30,30
irregular_ioi,random_control_01,classifier.2,country,1,0.0,-0.06770835071802139,2308,0.9166666865348816,30,30
irregular_ioi,random_control_01,classifier.2,jazz,2,1.0,0.06740076839923859,1540,0.9166666865348816,30,30
irregular_ioi,random_control_01,classifier.2,pop,3,0.0,-0.10257469117641449,2476,0.9166666865348816,30,30
irregular_ioi,random_control_01,classifier.2,rock,4,1.0,0.06385459005832672,2602,0.9166666865348816,30,30
irregular_ioi,random_control_01,classifier.2,traditional,5,1.0,0.3793344509601593,350,0.9166666865348816,30,30
irregular_ioi,random_control_02,classifier.2,classical,0,1.0,0.1251675933599472,1209,0.8333333134651184,30,30
irregular_ioi,random_control_02,classifier.2,country,1,1.0,0.14264285564422607,2308,0.8333333134651184,30,30
irregular_ioi,random_control_02,classifier.2,jazz,2,1.0,0.13338790833950043,1540,0.8333333134651184,30,30
irregular_ioi,random_control_02,classifier.2,pop,3,1.0,0.021386733278632164,2476,0.8333333134651184,30,30
irregular_ioi,random_control_02,classifier.2,rock,4,1.0,0.08444375544786453,2602,0.8333333134651184,30,30
irregular_ioi,random_control_02,classifier.2,traditional,5,1.0,0.12028780609369277,350,0.8333333134651184,30,30
irregular_ioi,random_control_03,classifier.2,classical,0,1.0,0.24962681542998805,1209,1.0,30,30
irregular_ioi,random_control_03,classifier.2,country,1,1.0,0.13060908019542694,2308,1.0,30,30
irregular_ioi,random_control_03,classifier.2,jazz,2,1.0,0.15698260068893433,1540,1.0,30,30
irregular_ioi,random_control_03,classifier.2,pop,3,0.0,-0.04140835255384445,2476,1.0,30,30
irregular_ioi,random_control_03,classifier.2,rock,4,1.0,0.07605431976797579,2602,1.0,30,30
irregular_ioi,random_control_03,classifier.2,traditional,5,1.0,0.19513128697872162,350,1.0,30,30
irregular_ioi,random_control_04,classifier.2,classical,0,1.0,0.13522639870643616,1209,0.9166666865348816,30,30
irregular_ioi,random_control_04,classifier.2,country,1,1.0,0.12106601148843765,2308,0.9166666865348816,30,30
irregular_ioi,random_control_04,classifier.2,jazz,2,1.0,0.16452375054359436,1540,0.9166666865348816,30,30
irregular_ioi,random_control_04,classifier.2,pop,3,1.0,0.026355376467108727,2476,0.9166666865348816,30,30
irregular_ioi,random_control_04,classifier.2,rock,4,1.0,0.048371680080890656,2602,0.9166666865348816,30,30
irregular_ioi,random_control_04,classifier.2,traditional,5,1.0,0.08470547229051589,350,0.9166666865348816,30,30
irregular_ioi,random_control_05,classifier.2,classical,0,1.0,0.1443687974297379,1209,0.8333333134651184,30,30
irregular_ioi,random_control_05,classifier.2,country,1,1.0,0.06368536502122879,2308,0.8333333134651184,30,30
irregular_ioi,random_control_05,classifier.2,jazz,2,1.0,0.20309820771217346,1540,0.8333333134651184,30,30
irregular_ioi,random_control_05,classifier.2,pop,3,0.0,-0.11148498952388763,2476,0.8333333134651184,30,30
irregular_ioi,random_control_05,classifier.2,rock,4,1.0,0.06044131891371011,2602,0.8333333134651184,30,30
irregular_ioi,random_control_05,classifier.2,traditional,5,1.0,0.2506297528743744,350,0.8333333134651184,30,30
irregular_ioi,random_control_06,classifier.2,classical,0,1.0,0.19991637766361237,1209,0.8333333134651184,30,30
irregular_ioi,random_control_06,classifier.2,country,1,1.0,0.1464306116104126,2308,0.8333333134651184,30,30
irregular_ioi,random_control_06,classifier.2,jazz,2,1.0,0.15971216559410095,1540,0.8333333134651184,30,30
irregular_ioi,random_control_06,classifier.2,pop,3,0.0,-0.011065405798001705,2476,0.8333333134651184,30,30
irregular_ioi,random_control_06,classifier.2,rock,4,1.0,0.13264226913452148,2602,0.8333333134651184,30,30
irregular_ioi,random_control_06,classifier.2,traditional,5,1.0,0.225065678358078,350,0.8333333134651184,30,30
irregular_ioi,random_control_07,classifier.2,classical,0,1.0,0.06552804261445999,1209,0.75,30,30
irregular_ioi,random_control_07,classifier.2,country,1,1.0,0.1664854735136032,2308,0.75,30,30
irregular_ioi,random_control_07,classifier.2,jazz,2,1.0,0.24856910109519958,1540,0.75,30,30
irregular_ioi,random_control_07,classifier.2,pop,3,1.0,0.06219024956226349,2476,0.75,30,30
irregular_ioi,random_control_07,classifier.2,rock,4,1.0,0.03283526003360748,2602,0.75,30,30
irregular_ioi,random_control_07,classifier.2,traditional,5,1.0,0.046345874667167664,350,0.75,30,30
irregular_ioi,random_control_08,classifier.2,classical,0,1.0,0.3948076069355011,1209,0.8333333134651184,30,30
irregular_ioi,random_control_08,classifier.2,country,1,1.0,0.10343445092439651,2308,0.8333333134651184,30,30
irregular_ioi,random_control_08,classifier.2,jazz,2,1.0,0.20418021082878113,1540,0.8333333134651184,30,30
irregular_ioi,random_control_08,classifier.2,pop,3,0.0,-0.05056431517004967,2476,0.8333333134651184,30,30
irregular_ioi,random_control_08,classifier.2,rock,4,1.0,0.13301050662994385,2602,0.8333333134651184,30,30
irregular_ioi,random_control_08,classifier.2,traditional,5,1.0,0.31088283777236936,350,0.8333333134651184,30,30
irregular_ioi,random_control_09,classifier.2,classical,0,1.0,0.24989566218024745,1209,0.8333333134651184,30,30
irregular_ioi,random_control_09,classifier.2,country,1,1.0,0.043296702206134796,2308,0.8333333134651184,30,30
irregular_ioi,random_control_09,classifier.2,jazz,2,1.0,0.03362640365958214,1540,0.8333333134651184,30,30
irregular_ioi,random_control_09,classifier.2,pop,3,0.0,-0.11088269203901291,2476,0.8333333134651184,30,30
irregular_ioi,random_control_09,classifier.2,rock,4,1.0,0.12613636255264282,2602,0.8333333134651184,30,30
irregular_ioi,random_control_09,classifier.2,traditional,5,1.0,0.19669832348823546,350,0.8333333134651184,30,30
long_notes,random_control_00,classifier.2,classical,0,1.0,0.23768170177936554,1209,0.8333333134651184,30,30
long_notes,random_control_00,classifier.2,country,1,0.0,-0.009231094270944595,2308,0.8333333134651184,30,30
long_notes,random_control_00,classifier.2,jazz,2,1.0,0.0027176591102033854,1540,0.8333333134651184,30,30
long_notes,random_control_00,classifier.2,pop,3,1.0,0.04729517921805382,2476,0.8333333134651184,30,30
long_notes,random_control_00,classifier.2,rock,4,1.0,0.04367547854781151,2602,0.8333333134651184,30,30
long_notes,random_control_00,classifier.2,traditional,5,1.0,0.17135657429695128,350,0.8333333134651184,30,30
long_notes,random_control_01,classifier.2,classical,0,1.0,0.15218587219715118,1209,0.8333333134651184,30,30
long_notes,random_control_01,classifier.2,country,1,0.0,-0.24726688861846924,2308,0.8333333134651184,30,30
long_notes,random_control_01,classifier.2,jazz,2,0.0,-0.10444506257772446,1540,0.8333333134651184,30,30
long_notes,random_control_01,classifier.2,pop,3,0.0,-0.15739575028419495,2476,0.8333333134651184,30,30
long_notes,random_control_01,classifier.2,rock,4,0.0,-0.10770485550165176,2602,0.8333333134651184,30,30
long_notes,random_control_01,classifier.2,traditional,5,1.0,0.22945205867290497,350,0.8333333134651184,30,30
long_notes,random_control_02,classifier.2,classical,0,0.0,-0.027633879333734512,1209,1.0,30,30
long_notes,random_control_02,classifier.2,country,1,0.0,-0.05178273096680641,2308,1.0,30,30
long_notes,random_control_02,classifier.2,jazz,2,0.0,-0.11955857276916504,1540,1.0,30,30
long_notes,random_control_02,classifier.2,pop,3,0.0,-0.05112224072217941,2476,1.0,30,30
long_notes,random_control_02,classifier.2,rock,4,0.0,-0.1104835495352745,2602,1.0,30,30
long_notes,random_control_02,classifier.2,traditional,5,1.0,0.007006525062024593,350,1.0,30,30
long_notes,random_control_03,classifier.2,classical,0,1.0,0.1588824243462707,1209,0.8333333134651184,30,30
long_notes,random_control_03,classifier.2,country,1,1.0,0.04701969027519226,2308,0.8333333134651184,30,30
long_notes,random_control_03,classifier.2,jazz,2,0.0,-0.007455779239535332,1540,0.8333333134651184,30,30
long_notes,random_control_03,classifier.2,pop,3,0.0,-0.05915080010890961,2476,0.8333333134651184,30,30
long_notes,random_control_03,classifier.2,rock,4,0.0,-0.033536411821842194,2602,0.8333333134651184,30,30
long_notes,random_control_03,classifier.2,traditional,5,1.0,0.09574374556541443,350,0.8333333134651184,30,30
long_notes,random_control_04,classifier.2,classical,0,1.0,0.051596466451883316,1209,0.8333333134651184,30,30
long_notes,random_control_04,classifier.2,country,1,1.0,0.0282752588391304,2308,0.8333333134651184,30,30
long_notes,random_control_04,classifier.2,jazz,2,0.0,-0.05997956916689873,1540,0.8333333134651184,30,30
long_notes,random_control_04,classifier.2,pop,3,1.0,0.0376712903380394,2476,0.8333333134651184,30,30
long_notes,random_control_04,classifier.2,rock,4,0.0,-0.020584313198924065,2602,0.8333333134651184,30,30
long_notes,random_control_04,classifier.2,traditional,5,1.0,0.09197740256786346,350,0.8333333134651184,30,30
long_notes,random_control_05,classifier.2,classical,0,1.0,0.0957040786743164,1209,0.9166666865348816,30,30
long_notes,random_control_05,classifier.2,country,1,0.0,-0.13325418531894684,2308,0.9166666865348816,30,30
long_notes,random_control_05,classifier.2,jazz,2,1.0,0.02872774936258793,1540,0.9166666865348816,30,30
long_notes,random_control_05,classifier.2,pop,3,0.0,-0.11321315918003415,2476,0.9166666865348816,30,30
long_notes,random_control_05,classifier.2,rock,4,0.0,-0.1274450421333313,2602,0.9166666865348816,30,30
long_notes,random_control_05,classifier.2,traditional,5,1.0,0.1866536146402359,350,0.9166666865348816,30,30
long_notes,random_control_06,classifier.2,classical,0,1.0,0.1450647563851501,1209,0.75,30,30
long_notes,random_control_06,classifier.2,country,1,1.0,0.01630188524723053,2308,0.75,30,30
long_notes,random_control_06,classifier.2,jazz,2,0.0,-0.01116665918380022,1540,0.75,30,30
long_notes,random_control_06,classifier.2,pop,3,1.0,0.014776963740587234,2476,0.75,30,30
long_notes,random_control_06,classifier.2,rock,4,1.0,0.014782405458390713,2602,0.75,30,30
long_notes,random_control_06,classifier.2,traditional,5,1.0,0.11915990710258484,350,0.75,30,30
long_notes,random_control_07,classifier.2,classical,0,1.0,0.06036657840013504,1209,0.75,30,30
long_notes,random_control_07,classifier.2,country,1,0.0,-0.002145546954125166,2308,0.75,30,30
long_notes,random_control_07,classifier.2,jazz,2,0.0,-0.027763592079281807,1540,0.75,30,30
long_notes,random_control_07,classifier.2,pop,3,1.0,0.06331928819417953,2476,0.75,30,30
long_notes,random_control_07,classifier.2,rock,4,0.0,-0.10668247938156128,2602,0.75,30,30
long_notes,random_control_07,classifier.2,traditional,5,0.0,-0.06504733145236968,350,0.75,30,30
long_notes,random_control_08,classifier.2,classical,0,1.0,0.30900371074676514,1209,0.8333333134651184,30,30
long_notes,random_control_08,classifier.2,country,1,0.0,-0.10292620211839676,2308,0.8333333134651184,30,30
long_notes,random_control_08,classifier.2,jazz,2,1.0,0.008938596583902836,1540,0.8333333134651184,30,30
long_notes,random_control_08,classifier.2,pop,3,0.0,-0.10142303261791562,2476,0.8333333134651184,30,30
long_notes,random_control_08,classifier.2,rock,4,0.0,-0.020837511874443288,2602,0.8333333134651184,30,30
long_notes,random_control_08,classifier.2,traditional,5,1.0,0.14921085596084593,350,0.8333333134651184,30,30
long_notes,random_control_09,classifier.2,classical,0,1.0,0.13145196437835693,1209,0.8333333134651184,30,30
long_notes,random_control_09,classifier.2,country,1,0.0,-0.20813563466072083,2308,0.8333333134651184,30,30
long_notes,random_control_09,classifier.2,jazz,2,0.0,-0.013429343700408936,1540,0.8333333134651184,30,30
long_notes,random_control_09,classifier.2,pop,3,0.0,-0.12792465090751648,2476,0.8333333134651184,30,30
long_notes,random_control_09,classifier.2,rock,4,0.0,-0.02854880690574646,2602,0.8333333134651184,30,30
long_notes,random_control_09,classifier.2,traditional,5,1.0,0.036534473299980164,350,0.8333333134651184,30,30
low_note_density,random_control_00,classifier.2,classical,0,1.0,0.35326576232910156,1209,0.9166666865348816,30,30
low_note_density,random_control_00,classifier.2,country,1,1.0,0.08556076139211655,2308,0.9166666865348816,30,30
low_note_density,random_control_00,classifier.2,jazz,2,1.0,0.058354515582323074,1540,0.9166666865348816,30,30
low_note_density,random_control_00,classifier.2,pop,3,1.0,0.05078820140975165,2476,0.9166666865348816,30,30
low_note_density,random_control_00,classifier.2,rock,4,1.0,0.14272019272809025,2602,0.9166666865348816,30,30
low_note_density,random_control_00,classifier.2,traditional,5,1.0,0.3367649018764496,350,0.9166666865348816,30,30
low_note_density,random_control_01,classifier.2,classical,0,1.0,0.3889364004135132,1209,0.9166666865348816,30,30
low_note_density,random_control_01,classifier.2,country,1,0.0,-0.07745859771966934,2308,0.9166666865348816,30,30
low_note_density,random_control_01,classifier.2,jazz,2,1.0,0.08754336833953857,1540,0.9166666865348816,30,30
low_note_density,random_control_01,classifier.2,pop,3,0.0,-0.05927143247740912,2476,0.9166666865348816,30,30
low_note_density,random_control_01,classifier.2,rock,4,1.0,0.010685529559850693,2602,0.9166666865348816,30,30
low_note_density,random_control_01,classifier.2,traditional,5,1.0,0.4124863755702972,350,0.9166666865348816,30,30
low_note_density,random_control_02,classifier.2,classical,0,1.0,0.11055552959442139,1209,0.8333333134651184,30,30
low_note_density,random_control_02,classifier.2,country,1,1.0,0.17060105502605438,2308,0.8333333134651184,30,30
low_note_density,random_control_02,classifier.2,jazz,2,1.0,0.05900011956691742,1540,0.8333333134651184,30,30
low_note_density,random_control_02,classifier.2,pop,3,0.0,-0.0015841732971424384,2476,0.8333333134651184,30,30
low_note_density,random_control_02,classifier.2,rock,4,1.0,0.053920190781354904,2602,0.8333333134651184,30,30
low_note_density,random_control_02,classifier.2,traditional,5,1.0,0.06869469583034515,350,0.8333333134651184,30,30
low_note_density,random_control_03,classifier.2,classical,0,1.0,0.28186592481864003,1209,0.9166666865348816,30,30
low_note_density,random_control_03,classifier.2,country,1,1.0,0.09636213630437851,2308,0.9166666865348816,30,30
low_note_density,random_control_03,classifier.2,jazz,2,1.0,0.06846445053815842,1540,0.9166666865348816,30,30
low_note_density,random_control_03,classifier.2,pop,3,0.0,-0.028473267340746757,2476,0.9166666865348816,30,30
low_note_density,random_control_03,classifier.2,rock,4,1.0,0.06070427969098091,2602,0.9166666865348816,30,30
low_note_density,random_control_03,classifier.2,traditional,5,1.0,0.1517099142074585,350,0.9166666865348816,30,30
low_note_density,random_control_04,classifier.2,classical,0,1.0,0.09016653895378113,1209,1.0,30,30
low_note_density,random_control_04,classifier.2,country,1,1.0,0.04547160491347313,2308,1.0,30,30
low_note_density,random_control_04,classifier.2,jazz,2,1.0,0.017861969769001007,1540,1.0,30,30
low_note_density,random_control_04,classifier.2,pop,3,1.0,0.06431696567570065,2476,1.0,30,30
low_note_density,random_control_04,classifier.2,rock,4,1.0,0.02014516294002533,2602,1.0,30,30
low_note_density,random_control_04,classifier.2,traditional,5,1.0,0.031949199885129925,350,1.0,30,30
low_note_density,random_control_05,classifier.2,classical,0,1.0,0.1547159105539322,1209,0.9166666865348816,30,30
low_note_density,random_control_05,classifier.2,country,1,1.0,0.014545995742082596,2308,0.9166666865348816,30,30
low_note_density,random_control_05,classifier.2,jazz,2,1.0,0.10254175215959549,1540,0.9166666865348816,30,30
low_note_density,random_control_05,classifier.2,pop,3,0.0,-0.056077439356023544,2476,0.9166666865348816,30,30
low_note_density,random_control_05,classifier.2,rock,4,1.0,0.01360776275396347,2602,0.9166666865348816,30,30
low_note_density,random_control_05,classifier.2,traditional,5,1.0,0.25019779920578,350,0.9166666865348816,30,30
low_note_density,random_control_06,classifier.2,classical,0,1.0,0.17293398093348994,1209,0.9166666865348816,30,30
low_note_density,random_control_06,classifier.2,country,1,1.0,0.13588310778141022,2308,0.9166666865348816,30,30
low_note_density,random_control_06,classifier.2,jazz,2,1.0,0.12586162984371185,1540,0.9166666865348816,30,30
low_note_density,random_control_06,classifier.2,pop,3,0.0,-0.013856051489710808,2476,0.9166666865348816,30,30
low_note_density,random_control_06,classifier.2,rock,4,1.0,0.16107268631458282,2602,0.9166666865348816,30,30
low_note_density,random_control_06,classifier.2,traditional,5,1.0,0.22343973815441132,350,0.9166666865348816,30,30
low_note_density,random_control_07,classifier.2,classical,0,1.0,0.0841050073504448,1209,0.6666666865348816,30,30
low_note_density,random_control_07,classifier.2,country,1,1.0,0.1385432779788971,2308,0.6666666865348816,30,30
low_note_density,random_control_07,classifier.2,jazz,2,1.0,0.09395479410886765,1540,0.6666666865348816,30,30
low_note_density,random_control_07,classifier.2,pop,3,1.0,0.08433963362013196,2476,0.6666666865348816,30,30
low_note_density,random_control_07,classifier.2,rock,4,1.0,0.003908145243228971,2602,0.6666666865348816,30,30
low_note_density,random_control_07,classifier.2,traditional,5,1.0,0.03545415788888931,350,0.6666666865348816,30,30
low_note_density,random_control_08,classifier.2,classical,0,1.0,0.4372450711561492,1209,0.8333333134651184,30,30
low_note_density,random_control_08,classifier.2,country,1,1.0,0.0964760109782219,2308,0.8333333134651184,30,30
low_note_density,random_control_08,classifier.2,jazz,2,1.0,0.197084441781044,1540,0.8333333134651184,30,30
low_note_density,random_control_08,classifier.2,pop,3,0.0,-0.052238017320632935,2476,0.8333333134651184,30,30
low_note_density,random_control_08,classifier.2,rock,4,1.0,0.1006111428141594,2602,0.8333333134651184,30,30
low_note_density,random_control_08,classifier.2,traditional,5,1.0,0.27928355455398557,350,0.8333333134651184,30,30
low_note_density,random_control_09,classifier.2,classical,0,1.0,0.3441172242164612,1209,1.0,30,30
low_note_density,random_control_09,classifier.2,country,1,1.0,0.0655033066868782,2308,1.0,30,30
low_note_density,random_control_09,classifier.2,jazz,2,1.0,0.004581527318805456,1540,1.0,30,30
low_note_density,random_control_09,classifier.2,pop,3,0.0,-0.13507959246635437,2476,1.0,30,30
low_note_density,random_control_09,classifier.2,rock,4,1.0,0.10801775753498077,2602,1.0,30,30
low_note_density,random_control_09,classifier.2,traditional,5,1.0,0.2690396916866302,350,1.0,30,30
low_pitch_register,random_control_00,classifier.2,classical,0,1.0,0.06538773328065872,1209,0.9166666865348816,30,30
low_pitch_register,random_control_00,classifier.2,country,1,0.0,-0.015619383193552494,2308,0.9166666865348816,30,30
low_pitch_register,random_control_00,classifier.2,jazz,2,0.0,-0.20338553190231323,1540,0.9166666865348816,30,30
low_pitch_register,random_control_00,classifier.2,pop,3,0.0,-0.028604110702872276,2476,0.9166666865348816,30,30
low_pitch_register,random_control_00,classifier.2,rock,4,1.0,0.0034163999380178744,2602,0.9166666865348816,30,30
low_pitch_register,random_control_00,classifier.2,traditional,5,0.0,-0.2549770188331604,350,0.9166666865348816,30,30
low_pitch_register,random_control_01,classifier.2,classical,0,1.0,0.06328080594539642,1209,0.6666666865348816,30,30
low_pitch_register,random_control_01,classifier.2,country,1,0.0,-0.1074451431632042,2308,0.6666666865348816,30,30
low_pitch_register,random_control_01,classifier.2,jazz,2,0.0,-0.21217459440231323,1540,0.6666666865348816,30,30
low_pitch_register,random_control_01,classifier.2,pop,3,0.0,-0.2090490311384201,2476,0.6666666865348816,30,30
low_pitch_register,random_control_01,classifier.2,rock,4,0.0,-0.010902442038059235,2602,0.6666666865348816,30,30
low_pitch_register,random_control_01,classifier.2,traditional,5,0.0,-0.037796922177076336,350,0.6666666865348816,30,30
low_pitch_register,random_control_02,classifier.2,classical,0,1.0,0.011135140440840432,1209,0.8333333134651184,30,30
low_pitch_register,random_control_02,classifier.2,country,1,1.0,0.022927314043045044,2308,0.8333333134651184,30,30
low_pitch_register,random_control_02,classifier.2,jazz,2,0.0,-0.06759747117757797,1540,0.8333333134651184,30,30
low_pitch_register,random_control_02,classifier.2,pop,3,0.0,-0.02117954008281231,2476,0.8333333134651184,30,30
low_pitch_register,random_control_02,classifier.2,rock,4,1.0,0.03680429607629776,2602,0.8333333134651184,30,30
low_pitch_register,random_control_02,classifier.2,traditional,5,0.0,-0.18144266366958617,350,0.8333333134651184,30,30
low_pitch_register,random_control_03,classifier.2,classical,0,1.0,0.20449383556842804,1209,0.8333333134651184,30,30
low_pitch_register,random_control_03,classifier.2,country,1,1.0,0.19914589822292328,2308,0.8333333134651184,30,30
low_pitch_register,random_control_03,classifier.2,jazz,2,0.0,-0.07671578228473663,1540,0.8333333134651184,30,30
low_pitch_register,random_control_03,classifier.2,pop,3,0.0,-0.11218049377202988,2476,0.8333333134651184,30,30
low_pitch_register,random_control_03,classifier.2,rock,4,1.0,0.0438947603249669,2602,0.8333333134651184,30,30
low_pitch_register,random_control_03,classifier.2,traditional,5,0.0,-0.12303410470485687,350,0.8333333134651184,30,30
low_pitch_register,random_control_04,classifier.2,classical,0,1.0,0.00028489282725623836,1209,0.6666666865348816,30,30
low_pitch_register,random_control_04,classifier.2,country,1,1.0,0.04876125231385231,2308,0.6666666865348816,30,30
low_pitch_register,random_control_04,classifier.2,jazz,2,0.0,-0.1794341504573822,1540,0.6666666865348816,30,30
low_pitch_register,random_control_04,classifier.2,pop,3,0.0,-0.052794981765920394,2476,0.6666666865348816,30,30
low_pitch_register,random_control_04,classifier.2,rock,4,0.0,-0.0010421418119221926,2602,0.6666666865348816,30,30
low_pitch_register,random_control_04,classifier.2,traditional,5,0.0,-0.21767909884452818,350,0.6666666865348816,30,30
low_pitch_register,random_control_05,classifier.2,classical,0,1.0,0.0506703071573532,1209,0.9166666865348816,30,30
low_pitch_register,random_control_05,classifier.2,country,1,1.0,0.004529275931417942,2308,0.9166666865348816,30,30
low_pitch_register,random_control_05,classifier.2,jazz,2,1.0,0.020140700042247772,1540,0.9166666865348816,30,30
low_pitch_register,random_control_05,classifier.2,pop,3,0.0,-0.12803086638450623,2476,0.9166666865348816,30,30
low_pitch_register,random_control_05,classifier.2,rock,4,1.0,0.002006563125178218,2602,0.9166666865348816,30,30
low_pitch_register,random_control_05,classifier.2,traditional,5,0.0,-0.03993551075458526,350,0.9166666865348816,30,30
low_pitch_register,random_control_06,classifier.2,classical,0,0.0,-0.05709633233936194,1209,0.9166666865348816,30,30
low_pitch_register,random_control_06,classifier.2,country,1,0.0,-0.03061303310096264,2308,0.9166666865348816,30,30
low_pitch_register,random_control_06,classifier.2,jazz,2,0.0,-0.19795508682727814,1540,0.9166666865348816,30,30
low_pitch_register,random_control_06,classifier.2,pop,3,0.0,-0.12349840253591537,2476,0.9166666865348816,30,30
low_pitch_register,random_control_06,classifier.2,rock,4,0.0,-0.009710441343486309,2602,0.9166666865348816,30,30
low_pitch_register,random_control_06,classifier.2,traditional,5,0.0,-0.27722272276878357,350,0.9166666865348816,30,30
low_pitch_register,random_control_07,classifier.2,classical,0,0.0,-0.007260511163622141,1209,1.0,30,30
low_pitch_register,random_control_07,classifier.2,country,1,1.0,0.08068832755088806,2308,1.0,30,30
low_pitch_register,random_control_07,classifier.2,jazz,2,0.0,-0.03344348818063736,1540,1.0,30,30
low_pitch_register,random_control_07,classifier.2,pop,3,1.0,0.025152022028056022,2476,1.0,30,30
low_pitch_register,random_control_07,classifier.2,rock,4,0.0,-0.0192613136023283,2602,1.0,30,30
low_pitch_register,random_control_07,classifier.2,traditional,5,0.0,-0.34330764412879944,350,1.0,30,30
low_pitch_register,random_control_08,classifier.2,classical,0,1.0,0.24316823493606105,1209,0.6666666865348816,30,30
low_pitch_register,random_control_08,classifier.2,country,1,0.0,-0.01476886123418808,2308,0.6666666865348816,30,30
low_pitch_register,random_control_08,classifier.2,jazz,2,0.0,-0.006451795343309641,1540,0.6666666865348816,30,30
low_pitch_register,random_control_08,classifier.2,pop,3,0.0,-0.1412358283996582,2476,0.6666666865348816,30,30
low_pitch_register,random_control_08,classifier.2,rock,4,1.0,0.06843650341033936,2602,0.6666666865348816,30,30
low_pitch_register,random_control_08,classifier.2,traditional,5,0.0,-0.032380201071500775,350,0.6666666865348816,30,30
low_pitch_register,random_control_09,classifier.2,classical,0,1.0,0.10759305208921432,1209,0.75,30,30
low_pitch_register,random_control_09,classifier.2,country,1,1.0,0.008124898187816143,2308,0.75,30,30
low_pitch_register,random_control_09,classifier.2,jazz,2,0.0,-0.058300502598285675,1540,0.75,30,30
low_pitch_register,random_control_09,classifier.2,pop,3,0.0,-0.1414132864005346,2476,0.75,30,30
low_pitch_register,random_control_09,classifier.2,rock,4,1.0,0.055663172169935694,2602,0.75,30,30
low_pitch_register,random_control_09,classifier.2,traditional,5,0.0,-0.17882862746715544,350,0.75,30,30
regular_ioi,random_control_00,classifier.2,classical,0,0.0,-0.04743373394012451,1209,0.8333333134651184,30,30
regular_ioi,random_control_00,classifier.2,country,1,0.0,-0.23098380863666534,2308,0.8333333134651184,30,30
regular_ioi,random_control_00,classifier.2,jazz,2,0.0,-0.1485057920217514,1540,0.8333333134651184,30,30
regular_ioi,random_control_00,classifier.2,pop,3,1.0,0.12178517136608456,2476,0.8333333134651184,30,30
regular_ioi,random_control_00,classifier.2,rock,4,0.0,-0.0620453767478466,2602,0.8333333134651184,30,30
regular_ioi,random_control_00,classifier.2,traditional,5,0.0,-0.13695170044898985,350,0.8333333134651184,30,30
regular_ioi,random_control_01,classifier.2,classical,0,0.0,-0.15413847554558263,1209,0.75,30,30
regular_ioi,random_control_01,classifier.2,country,1,0.0,-0.2947574257850647,2308,0.75,30,30
regular_ioi,random_control_01,classifier.2,jazz,2,0.0,-0.12537439167499542,1540,0.75,30,30
regular_ioi,random_control_01,classifier.2,pop,3,0.0,-0.05961385369300842,2476,0.75,30,30
regular_ioi,random_control_01,classifier.2,rock,4,0.0,-0.12439493837835787,2602,0.75,30,30
regular_ioi,random_control_01,classifier.2,traditional,5,1.0,0.0482313522696495,350,0.75,30,30
regular_ioi,random_control_02,classifier.2,classical,0,0.0,-0.08452703809324033,1209,0.6666666865348816,30,30
regular_ioi,random_control_02,classifier.2,country,1,0.0,-0.10889148712158203,2308,0.6666666865348816,30,30
regular_ioi,random_control_02,classifier.2,jazz,2,0.0,-0.15376900136470795,1540,0.6666666865348816,30,30
regular_ioi,random_control_02,classifier.2,pop,3,1.0,0.13804903626441956,2476,0.6666666865348816,30,30
regular_ioi,random_control_02,classifier.2,rock,4,0.0,-0.07721280306577682,2602,0.6666666865348816,30,30
regular_ioi,random_control_02,classifier.2,traditional,5,0.0,-0.05061192080378532,350,0.6666666865348816,30,30
regular_ioi,random_control_03,classifier.2,classical,0,1.0,0.01848257706955852,1209,0.8333333134651184,30,30
regular_ioi,random_control_03,classifier.2,country,1,1.0,0.08171223104000092,2308,0.8333333134651184,30,30
regular_ioi,random_control_03,classifier.2,jazz,2,1.0,0.004065365064889193,1540,0.8333333134651184,30,30
regular_ioi,random_control_03,classifier.2,pop,3,1.0,0.07963559031486511,2476,0.8333333134651184,30,30
regular_ioi,random_control_03,classifier.2,rock,4,0.0,-0.11813775449991226,2602,0.8333333134651184,30,30
regular_ioi,random_control_03,classifier.2,traditional,5,1.0,0.017785266041755676,350,0.8333333134651184,30,30
regular_ioi,random_control_04,classifier.2,classical,0,0.0,-0.20600196719169617,1209,0.75,30,30
regular_ioi,random_control_04,classifier.2,country,1,0.0,-0.08031627535820007,2308,0.75,30,30
regular_ioi,random_control_04,classifier.2,jazz,2,0.0,-0.19812718033790588,1540,0.75,30,30
regular_ioi,random_control_04,classifier.2,pop,3,1.0,0.1113647893432269,2476,0.75,30,30
regular_ioi,random_control_04,classifier.2,rock,4,0.0,-0.06995528191328049,2602,0.75,30,30
regular_ioi,random_control_04,classifier.2,traditional,5,0.0,-0.2542040657997131,350,0.75,30,30
regular_ioi,random_control_05,classifier.2,classical,0,0.0,-0.1117701306939125,1209,0.75,30,30
regular_ioi,random_control_05,classifier.2,country,1,0.0,-0.16790491342544556,2308,0.75,30,30
regular_ioi,random_control_05,classifier.2,jazz,2,1.0,0.043659139424562454,1540,0.75,30,30
regular_ioi,random_control_05,classifier.2,pop,3,1.0,0.038625892251729965,2476,0.75,30,30
regular_ioi,random_control_05,classifier.2,rock,4,0.0,-0.12273380163195131,2602,0.75,30,30
regular_ioi,random_control_05,classifier.2,traditional,5,0.0,-0.0027032999880611894,350,0.75,30,30
regular_ioi,random_control_06,classifier.2,classical,0,0.0,-0.308196485042572,1209,0.5833333134651184,30,30
regular_ioi,random_control_06,classifier.2,country,1,0.0,-0.19009143114089966,2308,0.5833333134651184,30,30
regular_ioi,random_control_06,classifier.2,jazz,2,0.0,-0.34216606616973877,1540,0.5833333134651184,30,30
regular_ioi,random_control_06,classifier.2,pop,3,1.0,0.1271495223045349,2476,0.5833333134651184,30,30
regular_ioi,random_control_06,classifier.2,rock,4,0.0,-0.02414417825639248,2602,0.5833333134651184,30,30
regular_ioi,random_control_06,classifier.2,traditional,5,0.0,-0.3340109896659851,350,0.5833333134651184,30,30
regular_ioi,random_control_07,classifier.2,classical,0,0.0,-0.23388607800006866,1209,0.5,30,30
regular_ioi,random_control_07,classifier.2,country,1,0.0,-0.10379499197006226,2308,0.5,30,30
regular_ioi,random_control_07,classifier.2,jazz,2,0.0,-0.10214968025684357,1540,0.5,30,30
regular_ioi,random_control_07,classifier.2,pop,3,1.0,0.2088821530342102,2476,0.5,30,30
regular_ioi,random_control_07,classifier.2,rock,4,0.0,-0.06711272150278091,2602,0.5,30,30
regular_ioi,random_control_07,classifier.2,traditional,5,0.0,-0.16476538836956023,350,0.5,30,30
regular_ioi,random_control_08,classifier.2,classical,0,1.0,0.047300465404987335,1209,0.6666666865348816,30,30
regular_ioi,random_control_08,classifier.2,country,1,0.0,-0.08344359695911407,2308,0.6666666865348816,30,30
regular_ioi,random_control_08,classifier.2,jazz,2,0.0,-0.021720921620726585,1540,0.6666666865348816,30,30
regular_ioi,random_control_08,classifier.2,pop,3,1.0,0.07733269780874252,2476,0.6666666865348816,30,30
regular_ioi,random_control_08,classifier.2,rock,4,0.0,-0.0026314978022128344,2602,0.6666666865348816,30,30
regular_ioi,random_control_08,classifier.2,traditional,5,0.0,-0.13610747516155242,350,0.6666666865348816,30,30
regular_ioi,random_control_09,classifier.2,classical,0,0.0,-0.1667347847306107,1209,0.6666666865348816,30,30
regular_ioi,random_control_09,classifier.2,country,1,0.0,-0.2499045729637146,2308,0.6666666865348816,30,30
regular_ioi,random_control_09,classifier.2,jazz,2,0.0,-0.16910260915756226,1540,0.6666666865348816,30,30
regular_ioi,random_control_09,classifier.2,pop,3,1.0,0.04072596877813339,2476,0.6666666865348816,30,30
regular_ioi,random_control_09,classifier.2,rock,4,0.0,-0.12030422687530518,2602,0.6666666865348816,30,30
regular_ioi,random_control_09,classifier.2,traditional,5,0.0,-0.068314351439476,350,0.6666666865348816,30,30
short_notes,random_control_00,classifier.2,classical,0,1.0,0.05038178339600563,1209,0.75,30,30
short_notes,random_control_00,classifier.2,country,1,0.0,-0.042136650532484055,2308,0.75,30,30
short_notes,random_control_00,classifier.2,jazz,2,0.0,-0.0025372151285409927,1540,0.75,30,30
short_notes,random_control_00,classifier.2,pop,3,1.0,0.10981559008359909,2476,0.75,30,30
short_notes,random_control_00,classifier.2,rock,4,1.0,0.049753692001104355,2602,0.75,30,30
short_notes,random_control_00,classifier.2,traditional,5,1.0,0.026745548471808434,350,0.75,30,30
short_notes,random_control_01,classifier.2,classical,0,1.0,0.11895804852247238,1209,1.0,30,30
short_notes,random_control_01,classifier.2,country,1,1.0,0.016123197972774506,2308,1.0,30,30
short_notes,random_control_01,classifier.2,jazz,2,1.0,0.13448235392570496,1540,1.0,30,30
short_notes,random_control_01,classifier.2,pop,3,1.0,0.036841340363025665,2476,1.0,30,30
short_notes,random_control_01,classifier.2,rock,4,1.0,0.028605476021766663,2602,1.0,30,30
short_notes,random_control_01,classifier.2,traditional,5,1.0,0.23504968047142027,350,1.0,30,30
short_notes,random_control_02,classifier.2,classical,0,1.0,0.07568658888339996,1209,0.8333333134651184,30,30
short_notes,random_control_02,classifier.2,country,1,1.0,0.09038053452968597,2308,0.8333333134651184,30,30
short_notes,random_control_02,classifier.2,jazz,2,1.0,0.06021280959248543,1540,0.8333333134651184,30,30
short_notes,random_control_02,classifier.2,pop,3,1.0,0.16573245830605218,2476,0.8333333134651184,30,30
short_notes,random_control_02,classifier.2,rock,4,1.0,0.05793613569380044,2602,0.8333333134651184,30,30
short_notes,random_control_02,classifier.2,traditional,5,1.0,0.06075127050280571,350,0.8333333134651184,30,30
short_notes,random_control_03,classifier.2,classical,0,1.0,0.008625427260994911,1209,0.9166666865348816,30,30
short_notes,random_control_03,classifier.2,country,1,1.0,0.054090578109025955,2308,0.9166666865348816,30,30
short_notes,random_control_03,classifier.2,jazz,2,0.0,-0.06569354236125946,1540,0.9166666865348816,30,30
short_notes,random_control_03,classifier.2,pop,3,0.0,-0.014608397148549557,2476,0.9166666865348816,30,30
short_notes,random_control_03,classifier.2,rock,4,0.0,-0.04379727318882942,2602,0.9166666865348816,30,30
short_notes,random_control_03,classifier.2,traditional,5,0.0,-0.04818078860640526,350,0.9166666865348816,30,30
short_notes,random_control_04,classifier.2,classical,0,0.0,-0.09276011591735608,1209,0.75,30,30
short_notes,random_control_04,classifier.2,country,1,1.0,0.08204427361488342,2308,0.75,30,30
short_notes,random_control_04,classifier.2,jazz,2,0.0,-0.08869245648384094,1540,0.75,30,30
short_notes,random_control_04,classifier.2,pop,3,1.0,0.0787191092967987,2476,0.75,30,30
short_notes,random_control_04,classifier.2,rock,4,1.0,0.0164017453789711,2602,0.75,30,30
short_notes,random_control_04,classifier.2,traditional,5,0.0,-0.05738889425992966,350,0.75,30,30
short_notes,random_control_05,classifier.2,classical,0,1.0,0.07264122366905212,1209,0.8333333134651184,30,30
short_notes,random_control_05,classifier.2,country,1,0.0,-0.010765599086880684,2308,0.8333333134651184,30,30
short_notes,random_control_05,classifier.2,jazz,2,1.0,0.09934156388044357,1540,0.8333333134651184,30,30
short_notes,random_control_05,classifier.2,pop,3,0.0,-0.03281284123659134,2476,0.8333333134651184,30,30
short_notes,random_control_05,classifier.2,rock,4,0.0,-0.10448475927114487,2602,0.8333333134651184,30,30
short_notes,random_control_05,classifier.2,traditional,5,1.0,0.07490532845258713,350,0.8333333134651184,30,30
short_notes,random_control_06,classifier.2,classical,0,0.0,-0.07217086851596832,1209,1.0,30,30
short_notes,random_control_06,classifier.2,country,1,1.0,0.12349716573953629,2308,1.0,30,30
short_notes,random_control_06,classifier.2,jazz,2,0.0,-0.04439235106110573,1540,1.0,30,30
short_notes,random_control_06,classifier.2,pop,3,1.0,0.07435964792966843,2476,1.0,30,30
short_notes,random_control_06,classifier.2,rock,4,1.0,0.09564024209976196,2602,1.0,30,30
short_notes,random_control_06,classifier.2,traditional,5,0.0,-0.11890199810266494,350,1.0,30,30
short_notes,random_control_07,classifier.2,classical,0,0.0,-0.052167922258377075,1209,0.6666666865348816,30,30
short_notes,random_control_07,classifier.2,country,1,1.0,0.05507417023181915,2308,0.6666666865348816,30,30
short_notes,random_control_07,classifier.2,jazz,2,1.0,0.045679811388254166,1540,0.6666666865348816,30,30
short_notes,random_control_07,classifier.2,pop,3,1.0,0.13012172288963983,2476,0.6666666865348816,30,30
short_notes,random_control_07,classifier.2,rock,4,1.0,0.054190050810575485,2602,0.6666666865348816,30,30
short_notes,random_control_07,classifier.2,traditional,5,0.0,-0.004623995628207922,350,0.6666666865348816,30,30
short_notes,random_control_08,classifier.2,classical,0,1.0,0.16306371986865997,1209,0.75,30,30
short_notes,random_control_08,classifier.2,country,1,1.0,0.11113375425338745,2308,0.75,30,30
short_notes,random_control_08,classifier.2,jazz,2,1.0,0.12006913870573044,1540,0.75,30,30
short_notes,random_control_08,classifier.2,pop,3,1.0,0.021840503439307213,2476,0.75,30,30
short_notes,random_control_08,classifier.2,rock,4,1.0,0.11385342481615542,2602,0.75,30,30
short_notes,random_control_08,classifier.2,traditional,5,1.0,0.18441797852516173,350,0.75,30,30
short_notes,random_control_09,classifier.2,classical,0,1.0,0.04272608831524849,1209,0.75,30,30
short_notes,random_control_09,classifier.2,country,1,0.0,-0.021952155977487564,2308,0.75,30,30
short_notes,random_control_09,classifier.2,jazz,2,0.0,-0.0633537694811821,1540,0.75,30,30
short_notes,random_control_09,classifier.2,pop,3,1.0,0.02147628180682659,2476,0.75,30,30
short_notes,random_control_09,classifier.2,rock,4,0.0,-7.267694309120998e-05,2602,0.75,30,30
short_notes,random_control_09,classifier.2,traditional,5,1.0,0.11608240008354187,350,0.75,30,30
strong_velocity,random_control_00,classifier.2,classical,0,0.0,-0.10646161442580945,1209,0.6666666865348816,30,30
strong_velocity,random_control_00,classifier.2,country,1,0.0,-0.2498851865530014,2308,0.6666666865348816,30,30
strong_velocity,random_control_00,classifier.2,jazz,2,0.0,-0.24653740227222443,1540,0.6666666865348816,30,30
strong_velocity,random_control_00,classifier.2,pop,3,0.0,-0.08450648937260007,2476,0.6666666865348816,30,30
strong_velocity,random_control_00,classifier.2,rock,4,0.0,-0.05523717403411865,2602,0.6666666865348816,30,30
strong_velocity,random_control_00,classifier.2,traditional,5,0.0,-0.22763323843479155,350,0.6666666865348816,30,30
strong_velocity,random_control_01,classifier.2,classical,0,0.0,-0.10164271295070648,1209,0.6666666865348816,30,30
strong_velocity,random_control_01,classifier.2,country,1,0.0,-0.17065556347370148,2308,0.6666666865348816,30,30
strong_velocity,random_control_01,classifier.2,jazz,2,0.0,-0.2194811850786209,1540,0.6666666865348816,30,30
strong_velocity,random_control_01,classifier.2,pop,3,0.0,-0.2231464833021164,2476,0.6666666865348816,30,30
strong_velocity,random_control_01,classifier.2,rock,4,0.0,-0.0034758574338264758,2602,0.6666666865348816,30,30
strong_velocity,random_control_01,classifier.2,traditional,5,1.0,0.015591926947236061,350,0.6666666865348816,30,30
strong_velocity,random_control_02,classifier.2,classical,0,0.0,-0.08909241110086441,1209,0.75,30,30
strong_velocity,random_control_02,classifier.2,country,1,0.0,-0.09966601431369781,2308,0.75,30,30
strong_velocity,random_control_02,classifier.2,jazz,2,0.0,-0.20703081786632538,1540,0.75,30,30
strong_velocity,random_control_02,classifier.2,pop,3,0.0,-0.05697065591812134,2476,0.75,30,30
strong_velocity,random_control_02,classifier.2,rock,4,0.0,-0.0092245414853096,2602,0.75,30,30
strong_velocity,random_control_02,classifier.2,traditional,5,0.0,-0.10946143448352813,350,0.75,30,30
strong_velocity,random_control_03,classifier.2,classical,0,0.0,-0.0016572667518630624,1209,0.9166666865348816,30,30
strong_velocity,random_control_03,classifier.2,country,1,1.0,0.0625220313668251,2308,0.9166666865348816,30,30
strong_velocity,random_control_03,classifier.2,jazz,2,0.0,-0.12731458246707916,1540,0.9166666865348816,30,30
strong_velocity,random_control_03,classifier.2,pop,3,0.0,-0.11032338444029187,2476,0.9166666865348816,30,30
strong_velocity,random_control_03,classifier.2,rock,4,0.0,-0.019827092066407204,2602,0.9166666865348816,30,30
strong_velocity,random_control_03,classifier.2,traditional,5,0.0,-0.20496436953544617,350,0.9166666865348816,30,30
strong_velocity,random_control_04,classifier.2,classical,0,0.0,-0.1781744064009811,1209,0.9166666865348816,30,30
strong_velocity,random_control_04,classifier.2,country,1,0.0,-0.1040058508515358,2308,0.9166666865348816,30,30
strong_velocity,random_control_04,classifier.2,jazz,2,0.0,-0.22841784358024597,1540,0.9166666865348816,30,30
strong_velocity,random_control_04,classifier.2,pop,3,0.0,-0.10579586029052734,2476,0.9166666865348816,30,30
strong_velocity,random_control_04,classifier.2,rock,4,1.0,0.019938576966524124,2602,0.9166666865348816,30,30
strong_velocity,random_control_04,classifier.2,traditional,5,0.0,-0.21943910479545592,350,0.9166666865348816,30,30
strong_velocity,random_control_05,classifier.2,classical,0,0.0,-0.13299307227134705,1209,0.6666666865348816,30,30
strong_velocity,random_control_05,classifier.2,country,1,0.0,-0.17205214500427246,2308,0.6666666865348816,30,30
strong_velocity,random_control_05,classifier.2,jazz,2,0.0,-0.05079195275902748,1540,0.6666666865348816,30,30
strong_velocity,random_control_05,classifier.2,pop,3,0.0,-0.10230696201324463,2476,0.6666666865348816,30,30
strong_velocity,random_control_05,classifier.2,rock,4,0.0,-0.08539731055498123,2602,0.6666666865348816,30,30
strong_velocity,random_control_05,classifier.2,traditional,5,0.0,-0.12920980155467987,350,0.6666666865348816,30,30
strong_velocity,random_control_06,classifier.2,classical,0,0.0,-0.1989113688468933,1209,0.9166666865348816,30,30
strong_velocity,random_control_06,classifier.2,country,1,0.0,-0.09711253643035889,2308,0.9166666865348816,30,30
strong_velocity,random_control_06,classifier.2,jazz,2,0.0,-0.26146838068962097,1540,0.9166666865348816,30,30
strong_velocity,random_control_06,classifier.2,pop,3,0.0,-0.051487032342130416,2476,0.9166666865348816,30,30
strong_velocity,random_control_06,classifier.2,rock,4,1.0,0.027316840372687574,2602,0.9166666865348816,30,30
strong_velocity,random_control_06,classifier.2,traditional,5,0.0,-0.33854424953460693,350,0.9166666865348816,30,30
strong_velocity,random_control_07,classifier.2,classical,0,0.0,-0.11233825236558914,1209,0.75,30,30
strong_velocity,random_control_07,classifier.2,country,1,0.0,-0.11864661425352097,2308,0.75,30,30
strong_velocity,random_control_07,classifier.2,jazz,2,0.0,-0.1690753698348999,1540,0.75,30,30
strong_velocity,random_control_07,classifier.2,pop,3,0.0,-0.009058700874447823,2476,0.75,30,30
strong_velocity,random_control_07,classifier.2,rock,4,1.0,0.04027708247303963,2602,0.75,30,30
strong_velocity,random_control_07,classifier.2,traditional,5,0.0,-0.22193729996681213,350,0.75,30,30
strong_velocity,random_control_08,classifier.2,classical,0,1.0,0.07553680991712339,1209,0.5833333134651184,30,30
strong_velocity,random_control_08,classifier.2,country,1,0.0,-0.07173663377761841,2308,0.5833333134651184,30,30
strong_velocity,random_control_08,classifier.2,jazz,2,0.0,-0.09354811906814575,1540,0.5833333134651184,30,30
strong_velocity,random_control_08,classifier.2,pop,3,0.0,-0.07383107393980026,2476,0.5833333134651184,30,30
strong_velocity,random_control_08,classifier.2,rock,4,1.0,0.022939302027225494,2602,0.5833333134651184,30,30
strong_velocity,random_control_08,classifier.2,traditional,5,0.0,-0.1409837758541107,350,0.5833333134651184,30,30
strong_velocity,random_control_09,classifier.2,classical,0,0.0,-0.13695868849754333,1209,0.75,30,30
strong_velocity,random_control_09,classifier.2,country,1,0.0,-0.21094799041748047,2308,0.75,30,30
strong_velocity,random_control_09,classifier.2,jazz,2,0.0,-0.23305194079875946,1540,0.75,30,30
strong_velocity,random_control_09,classifier.2,pop,3,0.0,-0.21148350842068384,2476,0.75,30,30
strong_velocity,random_control_09,classifier.2,rock,4,0.0,-0.019741127267479897,2602,0.75,30,30
strong_velocity,random_control_09,classifier.2,traditional,5,0.0,-0.30937620997428894,350,0.75,30,30
wide_pitch_range,random_control_00,classifier.2,classical,0,1.0,0.004819735884666443,1209,0.5,30,30
wide_pitch_range,random_control_00,classifier.2,country,1,0.0,-0.18951977789402008,2308,0.5,30,30
wide_pitch_range,random_control_00,classifier.2,jazz,2,0.0,-0.10384021699428558,1540,0.5,30,30
wide_pitch_range,random_control_00,classifier.2,pop,3,1.0,0.14589449763298035,2476,0.5,30,30
wide_pitch_range,random_control_00,classifier.2,rock,4,0.0,-0.0014013615436851978,2602,0.5,30,30
wide_pitch_range,random_control_00,classifier.2,traditional,5,0.0,-0.03459428638219833,350,0.5,30,30
wide_pitch_range,random_control_01,classifier.2,classical,0,0.0,-0.05759895223172072,1209,0.5,30,30
wide_pitch_range,random_control_01,classifier.2,country,1,0.0,-0.18603383004665375,2308,0.5,30,30
wide_pitch_range,random_control_01,classifier.2,jazz,2,0.0,-0.08344241976737976,1540,0.5,30,30
wide_pitch_range,random_control_01,classifier.2,pop,3,0.0,-0.06855043768882751,2476,0.5,30,30
wide_pitch_range,random_control_01,classifier.2,rock,4,0.0,-0.07771335545065401,2602,0.5,30,30
wide_pitch_range,random_control_01,classifier.2,traditional,5,1.0,0.057606276273727414,350,0.5,30,30
wide_pitch_range,random_control_02,classifier.2,classical,0,1.0,0.0035956944338977337,1209,0.5833333134651184,30,30
wide_pitch_range,random_control_02,classifier.2,country,1,0.0,-0.07243524491786957,2308,0.5833333134651184,30,30
wide_pitch_range,random_control_02,classifier.2,jazz,2,0.0,-0.028834642842411995,1540,0.5833333134651184,30,30
wide_pitch_range,random_control_02,classifier.2,pop,3,1.0,0.11363474283253049,2476,0.5833333134651184,30,30
wide_pitch_range,random_control_02,classifier.2,rock,4,1.0,0.005833252334894239,2602,0.5833333134651184,30,30
wide_pitch_range,random_control_02,classifier.2,traditional,5,0.0,-9.117288602283224e-05,350,0.5833333134651184,30,30
wide_pitch_range,random_control_03,classifier.2,classical,0,1.0,0.061635732650756836,1209,0.75,30,30
wide_pitch_range,random_control_03,classifier.2,country,1,1.0,0.07350354641675949,2308,0.75,30,30
wide_pitch_range,random_control_03,classifier.2,jazz,2,1.0,0.027002889662981033,1540,0.75,30,30
wide_pitch_range,random_control_03,classifier.2,pop,3,1.0,0.05992797017097473,2476,0.75,30,30
wide_pitch_range,random_control_03,classifier.2,rock,4,1.0,0.02424909546971321,2602,0.75,30,30
wide_pitch_range,random_control_03,classifier.2,traditional,5,1.0,0.02966364473104477,350,0.75,30,30
wide_pitch_range,random_control_04,classifier.2,classical,0,0.0,-0.1734911502516891,1209,0.6666666865348816,30,30
wide_pitch_range,random_control_04,classifier.2,country,1,0.0,-0.10479577630758286,2308,0.6666666865348816,30,30
wide_pitch_range,random_control_04,classifier.2,jazz,2,0.0,-0.07000230252742767,1540,0.6666666865348816,30,30
wide_pitch_range,random_control_04,classifier.2,pop,3,1.0,0.0750897154211998,2476,0.6666666865348816,30,30
wide_pitch_range,random_control_04,classifier.2,rock,4,0.0,-0.06421124190092087,2602,0.6666666865348816,30,30
wide_pitch_range,random_control_04,classifier.2,traditional,5,0.0,-0.09040273010730743,350,0.6666666865348816,30,30
wide_pitch_range,random_control_05,classifier.2,classical,0,0.0,-0.06456626951694489,1209,0.3333333432674408,30,30
wide_pitch_range,random_control_05,classifier.2,country,1,0.0,-0.12129192799329758,2308,0.3333333432674408,30,30
wide_pitch_range,random_control_05,classifier.2,jazz,2,1.0,0.009414206258952618,1540,0.3333333432674408,30,30
wide_pitch_range,random_control_05,classifier.2,pop,3,1.0,0.004961749538779259,2476,0.3333333432674408,30,30
wide_pitch_range,random_control_05,classifier.2,rock,4,0.0,-0.024032844230532646,2602,0.3333333432674408,30,30
wide_pitch_range,random_control_05,classifier.2,traditional,5,0.0,-0.08439189970493316,350,0.3333333432674408,30,30
wide_pitch_range,random_control_06,classifier.2,classical,0,0.0,-0.18829661618834986,1209,0.5833333134651184,30,30
wide_pitch_range,random_control_06,classifier.2,country,1,0.0,-0.17855854332447052,2308,0.5833333134651184,30,30
wide_pitch_range,random_control_06,classifier.2,jazz,2,0.0,-0.3249637186527252,1540,0.5833333134651184,30,30
wide_pitch_range,random_control_06,classifier.2,pop,3,1.0,0.04772268980741501,2476,0.5833333134651184,30,30
wide_pitch_range,random_control_06,classifier.2,rock,4,0.0,-0.03157963605166673,2602,0.5833333134651184,30,30
wide_pitch_range,random_control_06,classifier.2,traditional,5,0.0,-0.29394811391830444,350,0.5833333134651184,30,30
wide_pitch_range,random_control_07,classifier.2,classical,0,0.0,-0.11833038926124573,1209,0.5,30,30
wide_pitch_range,random_control_07,classifier.2,country,1,0.0,-0.12678837776184082,2308,0.5,30,30
wide_pitch_range,random_control_07,classifier.2,jazz,2,1.0,0.013581410050392151,1540,0.5,30,30
wide_pitch_range,random_control_07,classifier.2,pop,3,1.0,0.2234538048505783,2476,0.5,30,30
wide_pitch_range,random_control_07,classifier.2,rock,4,1.0,0.026461530476808548,2602,0.5,30,30
wide_pitch_range,random_control_07,classifier.2,traditional,5,0.0,-0.06320499628782272,350,0.5,30,30
wide_pitch_range,random_control_08,classifier.2,classical,0,1.0,0.12326470762491226,1209,0.6666666865348816,30,30
wide_pitch_range,random_control_08,classifier.2,country,1,0.0,-0.16592620313167572,2308,0.6666666865348816,30,30
wide_pitch_range,random_control_08,classifier.2,jazz,2,0.0,-0.03142697736620903,1540,0.6666666865348816,30,30
wide_pitch_range,random_control_08,classifier.2,pop,3,1.0,0.05507913606184172,2476,0.6666666865348816,30,30
wide_pitch_range,random_control_08,classifier.2,rock,4,1.0,0.04905550181865692,2602,0.6666666865348816,30,30
wide_pitch_range,random_control_08,classifier.2,traditional,5,1.0,3.256473792134784e-05,350,0.6666666865348816,30,30
wide_pitch_range,random_control_09,classifier.2,classical,0,1.0,0.01782214269042015,1209,0.5,30,30
wide_pitch_range,random_control_09,classifier.2,country,1,0.0,-0.12843520939350128,2308,0.5,30,30
wide_pitch_range,random_control_09,classifier.2,jazz,2,0.0,-0.08122260868549347,1540,0.5,30,30
wide_pitch_range,random_control_09,classifier.2,pop,3,0.0,-0.01731724479207122,2476,0.5,30,30
wide_pitch_range,random_control_09,classifier.2,rock,4,1.0,0.01129355002194643,2602,0.5,30,30
wide_pitch_range,random_control_09,classifier.2,traditional,5,0.0,-0.048649560660123825,350,0.5,30,30
